ISO-10303-21;
HEADER;
/* Generated by software containing ST-Developer
 * from STEP Tools, Inc. (www.steptools.com) 
 */
/* OPTION: using custom renumber hook */

FILE_DESCRIPTION(
/* description */ ('STEP AP242 Edition 2',
'CAx-IF Rec.Pracs.---Representation and Presentation of Product Manufa
cturing Information (PMI)---4.0---2014-10-13',
'CAx-IF Rec.Pracs.---3D Tessellated Geometry---0.4---2014-09-14','2;1',
'CAx-IF Rec.Pracs.---User Defined Attributes---1.5---2016-08-15'),
/* implementation_level */ '2;1');

FILE_NAME(
/* name */ '69926e14d8ec466725448891',
/* time_stamp */ '2026-02-16T01:08:37Z',
/* author */ (''),
/* organization */ (''),
/* preprocessor_version */ 'ST-DEVELOPER v20',
/* originating_system */ 'ONSHAPE BY PTC INC, 1.210',
/* authorisation */ '  ');

FILE_SCHEMA (('AP242_MANAGED_MODEL_BASED_3D_ENGINEERING_MIM_LF { 1 0 10303 442 3 1 4 }'));
ENDSEC;

DATA;
#10=SHAPE_REPRESENTATION_RELATIONSHIP('','',#2220,#12);
#11=SHAPE_REPRESENTATION_RELATIONSHIP('','',#2221,#13);
#12=ADVANCED_BREP_SHAPE_REPRESENTATION('',(#2216),#3635);
#13=ADVANCED_BREP_SHAPE_REPRESENTATION('',(#2217),#3636);
#14=B_SPLINE_CURVE_WITH_KNOTS('',3,(#3145,#3146,#3147,#3148,#3149),
 .UNSPECIFIED.,.F.,.F.,(4,1,4),(1.57862219157823E-18,0.00102107750707783,
0.00204215501415565),.UNSPECIFIED.);
#15=B_SPLINE_CURVE_WITH_KNOTS('',3,(#3152,#3153,#3154,#3155,#3156),
 .UNSPECIFIED.,.F.,.F.,(4,1,4),(0.,0.00102061347416984,0.00204122694833969),
 .UNSPECIFIED.);
#16=B_SPLINE_CURVE_WITH_KNOTS('',3,(#3255,#3256,#3257,#3258,#3259),
 .UNSPECIFIED.,.F.,.F.,(4,1,4),(0.,0.000996104403527803,0.00199220880705561),
 .UNSPECIFIED.);
#17=B_SPLINE_CURVE_WITH_KNOTS('',3,(#3261,#3262,#3263,#3264,#3265),
 .UNSPECIFIED.,.F.,.F.,(4,1,4),(0.,0.000996051443806439,0.00199210288761288),
 .UNSPECIFIED.);
#18=CYLINDRICAL_SURFACE('',#2230,21.59);
#19=CYLINDRICAL_SURFACE('',#2240,2.54);
#20=CYLINDRICAL_SURFACE('',#2246,1.778);
#21=CYLINDRICAL_SURFACE('',#2249,1.778);
#22=CYLINDRICAL_SURFACE('',#2262,6.35);
#23=CYLINDRICAL_SURFACE('',#2276,16.51);
#24=CYLINDRICAL_SURFACE('',#2296,1.778);
#25=CYLINDRICAL_SURFACE('',#2297,1.778);
#26=CYLINDRICAL_SURFACE('',#2298,1.778);
#27=CYLINDRICAL_SURFACE('',#2300,1.778);
#28=CYLINDRICAL_SURFACE('',#2302,1.778);
#29=CYLINDRICAL_SURFACE('',#2310,1.27);
#30=CYLINDRICAL_SURFACE('',#2311,0.5);
#31=CYLINDRICAL_SURFACE('',#2313,1.3516);
#32=CYLINDRICAL_SURFACE('',#2315,1.35159999999999);
#33=CYLINDRICAL_SURFACE('',#2317,1.3516);
#34=CYLINDRICAL_SURFACE('',#2320,1.3516);
#35=CYLINDRICAL_SURFACE('',#2335,2.54);
#36=CYLINDRICAL_SURFACE('',#2336,1.98124410710161);
#37=CYLINDRICAL_SURFACE('',#2341,2.99724410710163);
#38=CYLINDRICAL_SURFACE('',#2345,1.98124410710163);
#39=CYLINDRICAL_SURFACE('',#2348,2.99724410710162);
#40=CYLINDRICAL_SURFACE('',#2367,21.4122);
#41=CYLINDRICAL_SURFACE('',#2376,20.1422);
#42=CIRCLE('',#2224,0.5);
#43=CIRCLE('',#2225,1.3516);
#44=CIRCLE('',#2226,1.35159999999999);
#45=CIRCLE('',#2228,21.59);
#46=CIRCLE('',#2229,21.59);
#47=CIRCLE('',#2231,21.59);
#48=CIRCLE('',#2232,21.59);
#49=CIRCLE('',#2234,1.98124410710161);
#50=CIRCLE('',#2235,2.99724410710163);
#51=CIRCLE('',#2236,2.99724410710162);
#52=CIRCLE('',#2237,1.98124410710163);
#53=CIRCLE('',#2241,2.54);
#54=CIRCLE('',#2242,2.54);
#55=CIRCLE('',#2243,2.54);
#56=CIRCLE('',#2244,2.54);
#57=CIRCLE('',#2247,1.778);
#58=CIRCLE('',#2248,1.778);
#59=CIRCLE('',#2250,1.778);
#60=CIRCLE('',#2251,1.778);
#61=CIRCLE('',#2263,6.35);
#62=CIRCLE('',#2264,6.35);
#63=CIRCLE('',#2265,6.35);
#64=CIRCLE('',#2266,6.35);
#65=CIRCLE('',#2272,16.51);
#66=CIRCLE('',#2273,1.778);
#67=CIRCLE('',#2274,1.778);
#68=CIRCLE('',#2275,1.778);
#69=CIRCLE('',#2277,16.51);
#70=CIRCLE('',#2279,1.3516);
#71=CIRCLE('',#2280,1.3516);
#72=CIRCLE('',#2281,1.3516);
#73=CIRCLE('',#2282,1.35159999999999);
#74=CIRCLE('',#2283,0.5);
#75=CIRCLE('',#2284,1.778);
#76=CIRCLE('',#2285,1.778);
#77=CIRCLE('',#2286,1.778);
#78=CIRCLE('',#2287,1.778);
#79=CIRCLE('',#2288,1.778);
#80=CIRCLE('',#2299,1.778);
#81=CIRCLE('',#2301,1.778);
#82=CIRCLE('',#2312,0.5);
#83=CIRCLE('',#2318,1.3516);
#84=CIRCLE('',#2321,1.3516);
#85=CIRCLE('',#2330,2.54);
#86=CIRCLE('',#2333,2.54);
#87=CIRCLE('',#2337,1.98124410710161);
#88=CIRCLE('',#2342,2.99724410710163);
#89=CIRCLE('',#2346,1.98124410710163);
#90=CIRCLE('',#2349,2.99724410710162);
#91=CIRCLE('',#2368,21.4122);
#92=CIRCLE('',#2369,21.4122);
#93=CIRCLE('',#2370,21.4122);
#94=CIRCLE('',#2371,21.4122);
#95=CIRCLE('',#2377,20.1422);
#96=CIRCLE('',#2378,20.1422);
#97=ORIENTED_EDGE('',*,*,#721,.T.);
#98=ORIENTED_EDGE('',*,*,#722,.T.);
#99=ORIENTED_EDGE('',*,*,#723,.F.);
#100=ORIENTED_EDGE('',*,*,#724,.F.);
#101=ORIENTED_EDGE('',*,*,#725,.T.);
#102=ORIENTED_EDGE('',*,*,#726,.F.);
#103=ORIENTED_EDGE('',*,*,#727,.F.);
#104=ORIENTED_EDGE('',*,*,#728,.T.);
#105=ORIENTED_EDGE('',*,*,#729,.F.);
#106=ORIENTED_EDGE('',*,*,#730,.F.);
#107=ORIENTED_EDGE('',*,*,#731,.T.);
#108=ORIENTED_EDGE('',*,*,#732,.T.);
#109=ORIENTED_EDGE('',*,*,#733,.T.);
#110=ORIENTED_EDGE('',*,*,#734,.F.);
#111=ORIENTED_EDGE('',*,*,#735,.F.);
#112=ORIENTED_EDGE('',*,*,#736,.T.);
#113=ORIENTED_EDGE('',*,*,#737,.T.);
#114=ORIENTED_EDGE('',*,*,#738,.T.);
#115=ORIENTED_EDGE('',*,*,#739,.F.);
#116=ORIENTED_EDGE('',*,*,#740,.F.);
#117=ORIENTED_EDGE('',*,*,#741,.T.);
#118=ORIENTED_EDGE('',*,*,#742,.T.);
#119=ORIENTED_EDGE('',*,*,#743,.F.);
#120=ORIENTED_EDGE('',*,*,#744,.T.);
#121=ORIENTED_EDGE('',*,*,#745,.F.);
#122=ORIENTED_EDGE('',*,*,#746,.T.);
#123=ORIENTED_EDGE('',*,*,#747,.T.);
#124=ORIENTED_EDGE('',*,*,#748,.T.);
#125=ORIENTED_EDGE('',*,*,#723,.T.);
#126=ORIENTED_EDGE('',*,*,#749,.T.);
#127=ORIENTED_EDGE('',*,*,#750,.T.);
#128=ORIENTED_EDGE('',*,*,#751,.F.);
#129=ORIENTED_EDGE('',*,*,#739,.T.);
#130=ORIENTED_EDGE('',*,*,#752,.T.);
#131=ORIENTED_EDGE('',*,*,#753,.T.);
#132=ORIENTED_EDGE('',*,*,#754,.F.);
#133=ORIENTED_EDGE('',*,*,#755,.T.);
#134=ORIENTED_EDGE('',*,*,#756,.T.);
#135=ORIENTED_EDGE('',*,*,#757,.F.);
#136=ORIENTED_EDGE('',*,*,#758,.F.);
#137=ORIENTED_EDGE('',*,*,#747,.F.);
#138=ORIENTED_EDGE('',*,*,#759,.T.);
#139=ORIENTED_EDGE('',*,*,#760,.T.);
#140=ORIENTED_EDGE('',*,*,#761,.F.);
#141=ORIENTED_EDGE('',*,*,#753,.F.);
#142=ORIENTED_EDGE('',*,*,#762,.F.);
#143=ORIENTED_EDGE('',*,*,#763,.T.);
#144=ORIENTED_EDGE('',*,*,#764,.T.);
#145=ORIENTED_EDGE('',*,*,#765,.T.);
#146=ORIENTED_EDGE('',*,*,#766,.T.);
#147=ORIENTED_EDGE('',*,*,#767,.F.);
#148=ORIENTED_EDGE('',*,*,#768,.T.);
#149=ORIENTED_EDGE('',*,*,#769,.T.);
#150=ORIENTED_EDGE('',*,*,#770,.F.);
#151=ORIENTED_EDGE('',*,*,#771,.T.);
#152=ORIENTED_EDGE('',*,*,#772,.T.);
#153=ORIENTED_EDGE('',*,*,#773,.F.);
#154=ORIENTED_EDGE('',*,*,#774,.F.);
#155=ORIENTED_EDGE('',*,*,#775,.F.);
#156=ORIENTED_EDGE('',*,*,#763,.F.);
#157=ORIENTED_EDGE('',*,*,#776,.F.);
#158=ORIENTED_EDGE('',*,*,#737,.F.);
#159=ORIENTED_EDGE('',*,*,#777,.F.);
#160=ORIENTED_EDGE('',*,*,#778,.F.);
#161=ORIENTED_EDGE('',*,*,#779,.T.);
#162=ORIENTED_EDGE('',*,*,#725,.F.);
#163=ORIENTED_EDGE('',*,*,#780,.F.);
#164=ORIENTED_EDGE('',*,*,#781,.T.);
#165=ORIENTED_EDGE('',*,*,#782,.T.);
#166=ORIENTED_EDGE('',*,*,#783,.F.);
#167=ORIENTED_EDGE('',*,*,#784,.T.);
#168=ORIENTED_EDGE('',*,*,#785,.T.);
#169=ORIENTED_EDGE('',*,*,#786,.F.);
#170=ORIENTED_EDGE('',*,*,#787,.T.);
#171=ORIENTED_EDGE('',*,*,#788,.T.);
#172=ORIENTED_EDGE('',*,*,#789,.F.);
#173=ORIENTED_EDGE('',*,*,#790,.T.);
#174=ORIENTED_EDGE('',*,*,#791,.F.);
#175=ORIENTED_EDGE('',*,*,#792,.F.);
#176=ORIENTED_EDGE('',*,*,#793,.T.);
#177=ORIENTED_EDGE('',*,*,#794,.F.);
#178=ORIENTED_EDGE('',*,*,#795,.T.);
#179=ORIENTED_EDGE('',*,*,#796,.T.);
#180=ORIENTED_EDGE('',*,*,#797,.F.);
#181=ORIENTED_EDGE('',*,*,#798,.F.);
#182=ORIENTED_EDGE('',*,*,#799,.T.);
#183=ORIENTED_EDGE('',*,*,#800,.T.);
#184=ORIENTED_EDGE('',*,*,#801,.T.);
#185=ORIENTED_EDGE('',*,*,#802,.T.);
#186=ORIENTED_EDGE('',*,*,#803,.T.);
#187=ORIENTED_EDGE('',*,*,#804,.T.);
#188=ORIENTED_EDGE('',*,*,#805,.F.);
#189=ORIENTED_EDGE('',*,*,#806,.T.);
#190=ORIENTED_EDGE('',*,*,#807,.T.);
#191=ORIENTED_EDGE('',*,*,#808,.F.);
#192=ORIENTED_EDGE('',*,*,#809,.F.);
#193=ORIENTED_EDGE('',*,*,#810,.F.);
#194=ORIENTED_EDGE('',*,*,#811,.T.);
#195=ORIENTED_EDGE('',*,*,#812,.T.);
#196=ORIENTED_EDGE('',*,*,#813,.F.);
#197=ORIENTED_EDGE('',*,*,#805,.T.);
#198=ORIENTED_EDGE('',*,*,#799,.F.);
#199=ORIENTED_EDGE('',*,*,#814,.T.);
#200=ORIENTED_EDGE('',*,*,#815,.F.);
#201=ORIENTED_EDGE('',*,*,#816,.F.);
#202=ORIENTED_EDGE('',*,*,#796,.F.);
#203=ORIENTED_EDGE('',*,*,#817,.T.);
#204=ORIENTED_EDGE('',*,*,#801,.F.);
#205=ORIENTED_EDGE('',*,*,#818,.F.);
#206=ORIENTED_EDGE('',*,*,#819,.T.);
#207=ORIENTED_EDGE('',*,*,#820,.F.);
#208=ORIENTED_EDGE('',*,*,#771,.F.);
#209=ORIENTED_EDGE('',*,*,#821,.T.);
#210=ORIENTED_EDGE('',*,*,#822,.T.);
#211=ORIENTED_EDGE('',*,*,#823,.F.);
#212=ORIENTED_EDGE('',*,*,#772,.F.);
#213=ORIENTED_EDGE('',*,*,#820,.T.);
#214=ORIENTED_EDGE('',*,*,#823,.T.);
#215=ORIENTED_EDGE('',*,*,#824,.F.);
#216=ORIENTED_EDGE('',*,*,#825,.F.);
#217=ORIENTED_EDGE('',*,*,#773,.T.);
#218=ORIENTED_EDGE('',*,*,#825,.T.);
#219=ORIENTED_EDGE('',*,*,#826,.F.);
#220=ORIENTED_EDGE('',*,*,#821,.F.);
#221=ORIENTED_EDGE('',*,*,#774,.T.);
#222=ORIENTED_EDGE('',*,*,#827,.F.);
#223=ORIENTED_EDGE('',*,*,#828,.F.);
#224=ORIENTED_EDGE('',*,*,#829,.T.);
#225=ORIENTED_EDGE('',*,*,#830,.T.);
#226=ORIENTED_EDGE('',*,*,#831,.F.);
#227=ORIENTED_EDGE('',*,*,#832,.T.);
#228=ORIENTED_EDGE('',*,*,#833,.T.);
#229=ORIENTED_EDGE('',*,*,#834,.T.);
#230=ORIENTED_EDGE('',*,*,#835,.T.);
#231=ORIENTED_EDGE('',*,*,#836,.T.);
#232=ORIENTED_EDGE('',*,*,#837,.F.);
#233=ORIENTED_EDGE('',*,*,#838,.F.);
#234=ORIENTED_EDGE('',*,*,#839,.T.);
#235=ORIENTED_EDGE('',*,*,#840,.F.);
#236=ORIENTED_EDGE('',*,*,#841,.F.);
#237=ORIENTED_EDGE('',*,*,#780,.T.);
#238=ORIENTED_EDGE('',*,*,#842,.T.);
#239=ORIENTED_EDGE('',*,*,#843,.F.);
#240=ORIENTED_EDGE('',*,*,#781,.F.);
#241=ORIENTED_EDGE('',*,*,#841,.T.);
#242=ORIENTED_EDGE('',*,*,#844,.T.);
#243=ORIENTED_EDGE('',*,*,#845,.F.);
#244=ORIENTED_EDGE('',*,*,#782,.F.);
#245=ORIENTED_EDGE('',*,*,#843,.T.);
#246=ORIENTED_EDGE('',*,*,#845,.T.);
#247=ORIENTED_EDGE('',*,*,#846,.F.);
#248=ORIENTED_EDGE('',*,*,#839,.F.);
#249=ORIENTED_EDGE('',*,*,#783,.T.);
#250=ORIENTED_EDGE('',*,*,#847,.F.);
#251=ORIENTED_EDGE('',*,*,#848,.F.);
#252=ORIENTED_EDGE('',*,*,#849,.T.);
#253=ORIENTED_EDGE('',*,*,#850,.T.);
#254=ORIENTED_EDGE('',*,*,#851,.F.);
#255=ORIENTED_EDGE('',*,*,#852,.T.);
#256=ORIENTED_EDGE('',*,*,#853,.T.);
#257=ORIENTED_EDGE('',*,*,#854,.T.);
#258=ORIENTED_EDGE('',*,*,#794,.T.);
#259=ORIENTED_EDGE('',*,*,#855,.T.);
#260=ORIENTED_EDGE('',*,*,#744,.F.);
#261=ORIENTED_EDGE('',*,*,#856,.F.);
#262=ORIENTED_EDGE('',*,*,#848,.T.);
#263=ORIENTED_EDGE('',*,*,#857,.F.);
#264=ORIENTED_EDGE('',*,*,#858,.T.);
#265=ORIENTED_EDGE('',*,*,#859,.T.);
#266=ORIENTED_EDGE('',*,*,#860,.T.);
#267=ORIENTED_EDGE('',*,*,#807,.F.);
#268=ORIENTED_EDGE('',*,*,#861,.T.);
#269=ORIENTED_EDGE('',*,*,#862,.T.);
#270=ORIENTED_EDGE('',*,*,#863,.F.);
#271=ORIENTED_EDGE('',*,*,#815,.T.);
#272=ORIENTED_EDGE('',*,*,#864,.F.);
#273=ORIENTED_EDGE('',*,*,#809,.T.);
#274=ORIENTED_EDGE('',*,*,#865,.T.);
#275=ORIENTED_EDGE('',*,*,#866,.T.);
#276=ORIENTED_EDGE('',*,*,#867,.T.);
#277=ORIENTED_EDGE('',*,*,#868,.T.);
#278=ORIENTED_EDGE('',*,*,#869,.F.);
#279=ORIENTED_EDGE('',*,*,#870,.T.);
#280=ORIENTED_EDGE('',*,*,#871,.T.);
#281=ORIENTED_EDGE('',*,*,#831,.T.);
#282=ORIENTED_EDGE('',*,*,#872,.T.);
#283=ORIENTED_EDGE('',*,*,#857,.T.);
#284=ORIENTED_EDGE('',*,*,#873,.T.);
#285=ORIENTED_EDGE('',*,*,#741,.F.);
#286=ORIENTED_EDGE('',*,*,#855,.F.);
#287=ORIENTED_EDGE('',*,*,#797,.T.);
#288=ORIENTED_EDGE('',*,*,#818,.T.);
#289=ORIENTED_EDGE('',*,*,#800,.F.);
#290=ORIENTED_EDGE('',*,*,#816,.T.);
#291=ORIENTED_EDGE('',*,*,#865,.F.);
#292=ORIENTED_EDGE('',*,*,#808,.T.);
#293=ORIENTED_EDGE('',*,*,#863,.T.);
#294=ORIENTED_EDGE('',*,*,#874,.T.);
#295=ORIENTED_EDGE('',*,*,#875,.T.);
#296=ORIENTED_EDGE('',*,*,#870,.F.);
#297=ORIENTED_EDGE('',*,*,#862,.F.);
#298=ORIENTED_EDGE('',*,*,#876,.F.);
#299=ORIENTED_EDGE('',*,*,#877,.F.);
#300=ORIENTED_EDGE('',*,*,#878,.T.);
#301=ORIENTED_EDGE('',*,*,#879,.F.);
#302=ORIENTED_EDGE('',*,*,#880,.T.);
#303=ORIENTED_EDGE('',*,*,#881,.F.);
#304=ORIENTED_EDGE('',*,*,#882,.T.);
#305=ORIENTED_EDGE('',*,*,#883,.F.);
#306=ORIENTED_EDGE('',*,*,#884,.F.);
#307=ORIENTED_EDGE('',*,*,#833,.F.);
#308=ORIENTED_EDGE('',*,*,#885,.T.);
#309=ORIENTED_EDGE('',*,*,#874,.F.);
#310=ORIENTED_EDGE('',*,*,#861,.F.);
#311=ORIENTED_EDGE('',*,*,#806,.F.);
#312=ORIENTED_EDGE('',*,*,#813,.T.);
#313=ORIENTED_EDGE('',*,*,#886,.T.);
#314=ORIENTED_EDGE('',*,*,#869,.T.);
#315=ORIENTED_EDGE('',*,*,#887,.T.);
#316=ORIENTED_EDGE('',*,*,#849,.F.);
#317=ORIENTED_EDGE('',*,*,#856,.T.);
#318=ORIENTED_EDGE('',*,*,#743,.T.);
#319=ORIENTED_EDGE('',*,*,#888,.T.);
#320=ORIENTED_EDGE('',*,*,#859,.F.);
#321=ORIENTED_EDGE('',*,*,#889,.T.);
#322=ORIENTED_EDGE('',*,*,#748,.F.);
#323=ORIENTED_EDGE('',*,*,#764,.F.);
#324=ORIENTED_EDGE('',*,*,#775,.T.);
#325=ORIENTED_EDGE('',*,*,#724,.T.);
#326=ORIENTED_EDGE('',*,*,#752,.F.);
#327=ORIENTED_EDGE('',*,*,#738,.F.);
#328=ORIENTED_EDGE('',*,*,#776,.T.);
#329=ORIENTED_EDGE('',*,*,#762,.T.);
#330=ORIENTED_EDGE('',*,*,#836,.F.);
#331=ORIENTED_EDGE('',*,*,#890,.F.);
#332=ORIENTED_EDGE('',*,*,#891,.T.);
#333=ORIENTED_EDGE('',*,*,#892,.T.);
#334=ORIENTED_EDGE('',*,*,#835,.F.);
#335=ORIENTED_EDGE('',*,*,#893,.F.);
#336=ORIENTED_EDGE('',*,*,#894,.T.);
#337=ORIENTED_EDGE('',*,*,#890,.T.);
#338=ORIENTED_EDGE('',*,*,#838,.T.);
#339=ORIENTED_EDGE('',*,*,#895,.F.);
#340=ORIENTED_EDGE('',*,*,#896,.F.);
#341=ORIENTED_EDGE('',*,*,#893,.T.);
#342=ORIENTED_EDGE('',*,*,#837,.T.);
#343=ORIENTED_EDGE('',*,*,#892,.F.);
#344=ORIENTED_EDGE('',*,*,#897,.F.);
#345=ORIENTED_EDGE('',*,*,#895,.T.);
#346=ORIENTED_EDGE('',*,*,#842,.F.);
#347=ORIENTED_EDGE('',*,*,#840,.T.);
#348=ORIENTED_EDGE('',*,*,#846,.T.);
#349=ORIENTED_EDGE('',*,*,#844,.F.);
#350=ORIENTED_EDGE('',*,*,#891,.F.);
#351=ORIENTED_EDGE('',*,*,#894,.F.);
#352=ORIENTED_EDGE('',*,*,#896,.T.);
#353=ORIENTED_EDGE('',*,*,#897,.T.);
#354=ORIENTED_EDGE('',*,*,#871,.F.);
#355=ORIENTED_EDGE('',*,*,#875,.F.);
#356=ORIENTED_EDGE('',*,*,#885,.F.);
#357=ORIENTED_EDGE('',*,*,#832,.F.);
#358=ORIENTED_EDGE('',*,*,#889,.F.);
#359=ORIENTED_EDGE('',*,*,#858,.F.);
#360=ORIENTED_EDGE('',*,*,#872,.F.);
#361=ORIENTED_EDGE('',*,*,#834,.F.);
#362=ORIENTED_EDGE('',*,*,#898,.F.);
#363=ORIENTED_EDGE('',*,*,#866,.F.);
#364=ORIENTED_EDGE('',*,*,#886,.F.);
#365=ORIENTED_EDGE('',*,*,#812,.F.);
#366=ORIENTED_EDGE('',*,*,#899,.F.);
#367=ORIENTED_EDGE('',*,*,#850,.F.);
#368=ORIENTED_EDGE('',*,*,#887,.F.);
#369=ORIENTED_EDGE('',*,*,#868,.F.);
#370=ORIENTED_EDGE('',*,*,#888,.F.);
#371=ORIENTED_EDGE('',*,*,#742,.F.);
#372=ORIENTED_EDGE('',*,*,#873,.F.);
#373=ORIENTED_EDGE('',*,*,#860,.F.);
#374=ORIENTED_EDGE('',*,*,#827,.T.);
#375=ORIENTED_EDGE('',*,*,#900,.F.);
#376=ORIENTED_EDGE('',*,*,#901,.F.);
#377=ORIENTED_EDGE('',*,*,#902,.T.);
#378=ORIENTED_EDGE('',*,*,#830,.F.);
#379=ORIENTED_EDGE('',*,*,#903,.F.);
#380=ORIENTED_EDGE('',*,*,#904,.T.);
#381=ORIENTED_EDGE('',*,*,#900,.T.);
#382=ORIENTED_EDGE('',*,*,#829,.F.);
#383=ORIENTED_EDGE('',*,*,#905,.F.);
#384=ORIENTED_EDGE('',*,*,#906,.T.);
#385=ORIENTED_EDGE('',*,*,#903,.T.);
#386=ORIENTED_EDGE('',*,*,#828,.T.);
#387=ORIENTED_EDGE('',*,*,#902,.F.);
#388=ORIENTED_EDGE('',*,*,#907,.F.);
#389=ORIENTED_EDGE('',*,*,#905,.T.);
#390=ORIENTED_EDGE('',*,*,#826,.T.);
#391=ORIENTED_EDGE('',*,*,#824,.T.);
#392=ORIENTED_EDGE('',*,*,#822,.F.);
#393=ORIENTED_EDGE('',*,*,#819,.F.);
#394=ORIENTED_EDGE('',*,*,#901,.T.);
#395=ORIENTED_EDGE('',*,*,#904,.F.);
#396=ORIENTED_EDGE('',*,*,#906,.F.);
#397=ORIENTED_EDGE('',*,*,#907,.T.);
#398=ORIENTED_EDGE('',*,*,#804,.F.);
#399=ORIENTED_EDGE('',*,*,#908,.T.);
#400=ORIENTED_EDGE('',*,*,#851,.T.);
#401=ORIENTED_EDGE('',*,*,#847,.T.);
#402=ORIENTED_EDGE('',*,*,#899,.T.);
#403=ORIENTED_EDGE('',*,*,#867,.F.);
#404=ORIENTED_EDGE('',*,*,#898,.T.);
#405=ORIENTED_EDGE('',*,*,#811,.F.);
#406=ORIENTED_EDGE('',*,*,#854,.F.);
#407=ORIENTED_EDGE('',*,*,#909,.T.);
#408=ORIENTED_EDGE('',*,*,#810,.T.);
#409=ORIENTED_EDGE('',*,*,#864,.T.);
#410=ORIENTED_EDGE('',*,*,#814,.F.);
#411=ORIENTED_EDGE('',*,*,#798,.T.);
#412=ORIENTED_EDGE('',*,*,#817,.F.);
#413=ORIENTED_EDGE('',*,*,#795,.F.);
#414=ORIENTED_EDGE('',*,*,#908,.F.);
#415=ORIENTED_EDGE('',*,*,#803,.F.);
#416=ORIENTED_EDGE('',*,*,#802,.F.);
#417=ORIENTED_EDGE('',*,*,#909,.F.);
#418=ORIENTED_EDGE('',*,*,#853,.F.);
#419=ORIENTED_EDGE('',*,*,#852,.F.);
#420=ORIENTED_EDGE('',*,*,#910,.F.);
#421=ORIENTED_EDGE('',*,*,#911,.T.);
#422=ORIENTED_EDGE('',*,*,#728,.F.);
#423=ORIENTED_EDGE('',*,*,#912,.F.);
#424=ORIENTED_EDGE('',*,*,#884,.T.);
#425=ORIENTED_EDGE('',*,*,#913,.T.);
#426=ORIENTED_EDGE('',*,*,#877,.T.);
#427=ORIENTED_EDGE('',*,*,#914,.F.);
#428=ORIENTED_EDGE('',*,*,#731,.F.);
#429=ORIENTED_EDGE('',*,*,#914,.T.);
#430=ORIENTED_EDGE('',*,*,#876,.T.);
#431=ORIENTED_EDGE('',*,*,#915,.F.);
#432=ORIENTED_EDGE('',*,*,#732,.F.);
#433=ORIENTED_EDGE('',*,*,#915,.T.);
#434=ORIENTED_EDGE('',*,*,#883,.T.);
#435=ORIENTED_EDGE('',*,*,#916,.F.);
#436=ORIENTED_EDGE('',*,*,#733,.F.);
#437=ORIENTED_EDGE('',*,*,#917,.F.);
#438=ORIENTED_EDGE('',*,*,#918,.F.);
#439=ORIENTED_EDGE('',*,*,#734,.T.);
#440=ORIENTED_EDGE('',*,*,#916,.T.);
#441=ORIENTED_EDGE('',*,*,#882,.F.);
#442=ORIENTED_EDGE('',*,*,#919,.F.);
#443=ORIENTED_EDGE('',*,*,#920,.F.);
#444=ORIENTED_EDGE('',*,*,#921,.T.);
#445=ORIENTED_EDGE('',*,*,#919,.T.);
#446=ORIENTED_EDGE('',*,*,#881,.T.);
#447=ORIENTED_EDGE('',*,*,#922,.F.);
#448=ORIENTED_EDGE('',*,*,#920,.T.);
#449=ORIENTED_EDGE('',*,*,#880,.F.);
#450=ORIENTED_EDGE('',*,*,#923,.F.);
#451=ORIENTED_EDGE('',*,*,#924,.F.);
#452=ORIENTED_EDGE('',*,*,#925,.T.);
#453=ORIENTED_EDGE('',*,*,#923,.T.);
#454=ORIENTED_EDGE('',*,*,#879,.T.);
#455=ORIENTED_EDGE('',*,*,#926,.F.);
#456=ORIENTED_EDGE('',*,*,#924,.T.);
#457=ORIENTED_EDGE('',*,*,#878,.F.);
#458=ORIENTED_EDGE('',*,*,#913,.F.);
#459=ORIENTED_EDGE('',*,*,#730,.T.);
#460=ORIENTED_EDGE('',*,*,#927,.F.);
#461=ORIENTED_EDGE('',*,*,#918,.T.);
#462=ORIENTED_EDGE('',*,*,#928,.F.);
#463=ORIENTED_EDGE('',*,*,#929,.T.);
#464=ORIENTED_EDGE('',*,*,#735,.T.);
#465=ORIENTED_EDGE('',*,*,#927,.T.);
#466=ORIENTED_EDGE('',*,*,#729,.T.);
#467=ORIENTED_EDGE('',*,*,#911,.F.);
#468=ORIENTED_EDGE('',*,*,#930,.F.);
#469=ORIENTED_EDGE('',*,*,#912,.T.);
#470=ORIENTED_EDGE('',*,*,#727,.T.);
#471=ORIENTED_EDGE('',*,*,#931,.F.);
#472=ORIENTED_EDGE('',*,*,#932,.F.);
#473=ORIENTED_EDGE('',*,*,#933,.T.);
#474=ORIENTED_EDGE('',*,*,#777,.T.);
#475=ORIENTED_EDGE('',*,*,#736,.F.);
#476=ORIENTED_EDGE('',*,*,#929,.F.);
#477=ORIENTED_EDGE('',*,*,#931,.T.);
#478=ORIENTED_EDGE('',*,*,#726,.T.);
#479=ORIENTED_EDGE('',*,*,#779,.F.);
#480=ORIENTED_EDGE('',*,*,#934,.F.);
#481=ORIENTED_EDGE('',*,*,#917,.T.);
#482=ORIENTED_EDGE('',*,*,#921,.F.);
#483=ORIENTED_EDGE('',*,*,#922,.T.);
#484=ORIENTED_EDGE('',*,*,#925,.F.);
#485=ORIENTED_EDGE('',*,*,#926,.T.);
#486=ORIENTED_EDGE('',*,*,#930,.T.);
#487=ORIENTED_EDGE('',*,*,#910,.T.);
#488=ORIENTED_EDGE('',*,*,#932,.T.);
#489=ORIENTED_EDGE('',*,*,#934,.T.);
#490=ORIENTED_EDGE('',*,*,#778,.T.);
#491=ORIENTED_EDGE('',*,*,#933,.F.);
#492=ORIENTED_EDGE('',*,*,#928,.T.);
#493=ORIENTED_EDGE('',*,*,#792,.T.);
#494=ORIENTED_EDGE('',*,*,#935,.F.);
#495=ORIENTED_EDGE('',*,*,#936,.F.);
#496=ORIENTED_EDGE('',*,*,#937,.T.);
#497=ORIENTED_EDGE('',*,*,#791,.T.);
#498=ORIENTED_EDGE('',*,*,#938,.F.);
#499=ORIENTED_EDGE('',*,*,#939,.F.);
#500=ORIENTED_EDGE('',*,*,#935,.T.);
#501=ORIENTED_EDGE('',*,*,#784,.F.);
#502=ORIENTED_EDGE('',*,*,#940,.T.);
#503=ORIENTED_EDGE('',*,*,#941,.T.);
#504=ORIENTED_EDGE('',*,*,#938,.T.);
#505=ORIENTED_EDGE('',*,*,#790,.F.);
#506=ORIENTED_EDGE('',*,*,#942,.F.);
#507=ORIENTED_EDGE('',*,*,#943,.F.);
#508=ORIENTED_EDGE('',*,*,#944,.T.);
#509=ORIENTED_EDGE('',*,*,#945,.F.);
#510=ORIENTED_EDGE('',*,*,#936,.T.);
#511=ORIENTED_EDGE('',*,*,#939,.T.);
#512=ORIENTED_EDGE('',*,*,#941,.F.);
#513=ORIENTED_EDGE('',*,*,#937,.F.);
#514=ORIENTED_EDGE('',*,*,#945,.T.);
#515=ORIENTED_EDGE('',*,*,#940,.F.);
#516=ORIENTED_EDGE('',*,*,#793,.F.);
#517=ORIENTED_EDGE('',*,*,#765,.F.);
#518=ORIENTED_EDGE('',*,*,#946,.F.);
#519=ORIENTED_EDGE('',*,*,#947,.T.);
#520=ORIENTED_EDGE('',*,*,#948,.T.);
#521=ORIENTED_EDGE('',*,*,#770,.T.);
#522=ORIENTED_EDGE('',*,*,#949,.F.);
#523=ORIENTED_EDGE('',*,*,#950,.F.);
#524=ORIENTED_EDGE('',*,*,#946,.T.);
#525=ORIENTED_EDGE('',*,*,#769,.F.);
#526=ORIENTED_EDGE('',*,*,#951,.F.);
#527=ORIENTED_EDGE('',*,*,#952,.T.);
#528=ORIENTED_EDGE('',*,*,#949,.T.);
#529=ORIENTED_EDGE('',*,*,#768,.F.);
#530=ORIENTED_EDGE('',*,*,#953,.F.);
#531=ORIENTED_EDGE('',*,*,#954,.T.);
#532=ORIENTED_EDGE('',*,*,#951,.T.);
#533=ORIENTED_EDGE('',*,*,#767,.T.);
#534=ORIENTED_EDGE('',*,*,#955,.F.);
#535=ORIENTED_EDGE('',*,*,#956,.F.);
#536=ORIENTED_EDGE('',*,*,#953,.T.);
#537=ORIENTED_EDGE('',*,*,#766,.F.);
#538=ORIENTED_EDGE('',*,*,#948,.F.);
#539=ORIENTED_EDGE('',*,*,#957,.T.);
#540=ORIENTED_EDGE('',*,*,#955,.T.);
#541=ORIENTED_EDGE('',*,*,#947,.F.);
#542=ORIENTED_EDGE('',*,*,#950,.T.);
#543=ORIENTED_EDGE('',*,*,#952,.F.);
#544=ORIENTED_EDGE('',*,*,#954,.F.);
#545=ORIENTED_EDGE('',*,*,#956,.T.);
#546=ORIENTED_EDGE('',*,*,#957,.F.);
#547=ORIENTED_EDGE('',*,*,#788,.F.);
#548=ORIENTED_EDGE('',*,*,#958,.F.);
#549=ORIENTED_EDGE('',*,*,#959,.T.);
#550=ORIENTED_EDGE('',*,*,#960,.T.);
#551=ORIENTED_EDGE('',*,*,#787,.F.);
#552=ORIENTED_EDGE('',*,*,#961,.F.);
#553=ORIENTED_EDGE('',*,*,#962,.T.);
#554=ORIENTED_EDGE('',*,*,#958,.T.);
#555=ORIENTED_EDGE('',*,*,#786,.T.);
#556=ORIENTED_EDGE('',*,*,#963,.F.);
#557=ORIENTED_EDGE('',*,*,#964,.F.);
#558=ORIENTED_EDGE('',*,*,#961,.T.);
#559=ORIENTED_EDGE('',*,*,#785,.F.);
#560=ORIENTED_EDGE('',*,*,#944,.F.);
#561=ORIENTED_EDGE('',*,*,#965,.T.);
#562=ORIENTED_EDGE('',*,*,#963,.T.);
#563=ORIENTED_EDGE('',*,*,#789,.T.);
#564=ORIENTED_EDGE('',*,*,#960,.F.);
#565=ORIENTED_EDGE('',*,*,#966,.F.);
#566=ORIENTED_EDGE('',*,*,#942,.T.);
#567=ORIENTED_EDGE('',*,*,#959,.F.);
#568=ORIENTED_EDGE('',*,*,#962,.F.);
#569=ORIENTED_EDGE('',*,*,#964,.T.);
#570=ORIENTED_EDGE('',*,*,#965,.F.);
#571=ORIENTED_EDGE('',*,*,#943,.T.);
#572=ORIENTED_EDGE('',*,*,#966,.T.);
#573=ORIENTED_EDGE('',*,*,#967,.F.);
#574=ORIENTED_EDGE('',*,*,#968,.T.);
#575=ORIENTED_EDGE('',*,*,#969,.T.);
#576=ORIENTED_EDGE('',*,*,#760,.F.);
#577=ORIENTED_EDGE('',*,*,#761,.T.);
#578=ORIENTED_EDGE('',*,*,#969,.F.);
#579=ORIENTED_EDGE('',*,*,#970,.T.);
#580=ORIENTED_EDGE('',*,*,#754,.T.);
#581=ORIENTED_EDGE('',*,*,#746,.F.);
#582=ORIENTED_EDGE('',*,*,#971,.F.);
#583=ORIENTED_EDGE('',*,*,#967,.T.);
#584=ORIENTED_EDGE('',*,*,#759,.F.);
#585=ORIENTED_EDGE('',*,*,#745,.T.);
#586=ORIENTED_EDGE('',*,*,#970,.F.);
#587=ORIENTED_EDGE('',*,*,#968,.F.);
#588=ORIENTED_EDGE('',*,*,#971,.T.);
#589=ORIENTED_EDGE('',*,*,#972,.T.);
#590=ORIENTED_EDGE('',*,*,#973,.T.);
#591=ORIENTED_EDGE('',*,*,#749,.F.);
#592=ORIENTED_EDGE('',*,*,#722,.F.);
#593=ORIENTED_EDGE('',*,*,#740,.T.);
#594=ORIENTED_EDGE('',*,*,#751,.T.);
#595=ORIENTED_EDGE('',*,*,#974,.F.);
#596=ORIENTED_EDGE('',*,*,#975,.F.);
#597=ORIENTED_EDGE('',*,*,#975,.T.);
#598=ORIENTED_EDGE('',*,*,#976,.F.);
#599=ORIENTED_EDGE('',*,*,#972,.F.);
#600=ORIENTED_EDGE('',*,*,#721,.F.);
#601=ORIENTED_EDGE('',*,*,#750,.F.);
#602=ORIENTED_EDGE('',*,*,#973,.F.);
#603=ORIENTED_EDGE('',*,*,#976,.T.);
#604=ORIENTED_EDGE('',*,*,#974,.T.);
#605=ORIENTED_EDGE('',*,*,#755,.F.);
#606=ORIENTED_EDGE('',*,*,#977,.F.);
#607=ORIENTED_EDGE('',*,*,#978,.T.);
#608=ORIENTED_EDGE('',*,*,#979,.T.);
#609=ORIENTED_EDGE('',*,*,#758,.T.);
#610=ORIENTED_EDGE('',*,*,#980,.F.);
#611=ORIENTED_EDGE('',*,*,#981,.F.);
#612=ORIENTED_EDGE('',*,*,#977,.T.);
#613=ORIENTED_EDGE('',*,*,#757,.T.);
#614=ORIENTED_EDGE('',*,*,#982,.F.);
#615=ORIENTED_EDGE('',*,*,#983,.F.);
#616=ORIENTED_EDGE('',*,*,#980,.T.);
#617=ORIENTED_EDGE('',*,*,#756,.F.);
#618=ORIENTED_EDGE('',*,*,#979,.F.);
#619=ORIENTED_EDGE('',*,*,#984,.T.);
#620=ORIENTED_EDGE('',*,*,#982,.T.);
#621=ORIENTED_EDGE('',*,*,#978,.F.);
#622=ORIENTED_EDGE('',*,*,#981,.T.);
#623=ORIENTED_EDGE('',*,*,#983,.T.);
#624=ORIENTED_EDGE('',*,*,#984,.F.);
#625=ORIENTED_EDGE('',*,*,#985,.T.);
#626=ORIENTED_EDGE('',*,*,#986,.T.);
#627=ORIENTED_EDGE('',*,*,#987,.F.);
#628=ORIENTED_EDGE('',*,*,#988,.F.);
#629=ORIENTED_EDGE('',*,*,#989,.F.);
#630=ORIENTED_EDGE('',*,*,#990,.T.);
#631=ORIENTED_EDGE('',*,*,#991,.F.);
#632=ORIENTED_EDGE('',*,*,#992,.F.);
#633=ORIENTED_EDGE('',*,*,#987,.T.);
#634=ORIENTED_EDGE('',*,*,#993,.T.);
#635=ORIENTED_EDGE('',*,*,#994,.F.);
#636=ORIENTED_EDGE('',*,*,#995,.F.);
#637=ORIENTED_EDGE('',*,*,#996,.F.);
#638=ORIENTED_EDGE('',*,*,#997,.F.);
#639=ORIENTED_EDGE('',*,*,#998,.T.);
#640=ORIENTED_EDGE('',*,*,#999,.T.);
#641=ORIENTED_EDGE('',*,*,#1000,.F.);
#642=ORIENTED_EDGE('',*,*,#1001,.T.);
#643=ORIENTED_EDGE('',*,*,#1002,.T.);
#644=ORIENTED_EDGE('',*,*,#1003,.F.);
#645=ORIENTED_EDGE('',*,*,#1004,.F.);
#646=ORIENTED_EDGE('',*,*,#1005,.T.);
#647=ORIENTED_EDGE('',*,*,#1006,.T.);
#648=ORIENTED_EDGE('',*,*,#994,.T.);
#649=ORIENTED_EDGE('',*,*,#1007,.T.);
#650=ORIENTED_EDGE('',*,*,#1008,.T.);
#651=ORIENTED_EDGE('',*,*,#1009,.F.);
#652=ORIENTED_EDGE('',*,*,#1010,.F.);
#653=ORIENTED_EDGE('',*,*,#1011,.T.);
#654=ORIENTED_EDGE('',*,*,#1012,.T.);
#655=ORIENTED_EDGE('',*,*,#1007,.F.);
#656=ORIENTED_EDGE('',*,*,#1013,.F.);
#657=ORIENTED_EDGE('',*,*,#1014,.F.);
#658=ORIENTED_EDGE('',*,*,#1011,.F.);
#659=ORIENTED_EDGE('',*,*,#1015,.T.);
#660=ORIENTED_EDGE('',*,*,#1016,.T.);
#661=ORIENTED_EDGE('',*,*,#1017,.T.);
#662=ORIENTED_EDGE('',*,*,#1018,.T.);
#663=ORIENTED_EDGE('',*,*,#1016,.F.);
#664=ORIENTED_EDGE('',*,*,#1019,.F.);
#665=ORIENTED_EDGE('',*,*,#1020,.T.);
#666=ORIENTED_EDGE('',*,*,#1021,.T.);
#667=ORIENTED_EDGE('',*,*,#1017,.F.);
#668=ORIENTED_EDGE('',*,*,#1022,.F.);
#669=ORIENTED_EDGE('',*,*,#1004,.T.);
#670=ORIENTED_EDGE('',*,*,#1023,.T.);
#671=ORIENTED_EDGE('',*,*,#1020,.F.);
#672=ORIENTED_EDGE('',*,*,#1024,.F.);
#673=ORIENTED_EDGE('',*,*,#1025,.F.);
#674=ORIENTED_EDGE('',*,*,#1002,.F.);
#675=ORIENTED_EDGE('',*,*,#1026,.T.);
#676=ORIENTED_EDGE('',*,*,#1009,.T.);
#677=ORIENTED_EDGE('',*,*,#1001,.F.);
#678=ORIENTED_EDGE('',*,*,#1027,.F.);
#679=ORIENTED_EDGE('',*,*,#989,.T.);
#680=ORIENTED_EDGE('',*,*,#1028,.F.);
#681=ORIENTED_EDGE('',*,*,#1005,.F.);
#682=ORIENTED_EDGE('',*,*,#1024,.T.);
#683=ORIENTED_EDGE('',*,*,#1022,.T.);
#684=ORIENTED_EDGE('',*,*,#1019,.T.);
#685=ORIENTED_EDGE('',*,*,#1015,.F.);
#686=ORIENTED_EDGE('',*,*,#1013,.T.);
#687=ORIENTED_EDGE('',*,*,#1010,.T.);
#688=ORIENTED_EDGE('',*,*,#1026,.F.);
#689=ORIENTED_EDGE('',*,*,#1000,.T.);
#690=ORIENTED_EDGE('',*,*,#1029,.T.);
#691=ORIENTED_EDGE('',*,*,#990,.F.);
#692=ORIENTED_EDGE('',*,*,#1027,.T.);
#693=ORIENTED_EDGE('',*,*,#1030,.F.);
#694=ORIENTED_EDGE('',*,*,#991,.T.);
#695=ORIENTED_EDGE('',*,*,#1029,.F.);
#696=ORIENTED_EDGE('',*,*,#999,.F.);
#697=ORIENTED_EDGE('',*,*,#988,.T.);
#698=ORIENTED_EDGE('',*,*,#995,.T.);
#699=ORIENTED_EDGE('',*,*,#1006,.F.);
#700=ORIENTED_EDGE('',*,*,#1028,.T.);
#701=ORIENTED_EDGE('',*,*,#1023,.F.);
#702=ORIENTED_EDGE('',*,*,#1003,.T.);
#703=ORIENTED_EDGE('',*,*,#1025,.T.);
#704=ORIENTED_EDGE('',*,*,#1008,.F.);
#705=ORIENTED_EDGE('',*,*,#1012,.F.);
#706=ORIENTED_EDGE('',*,*,#1014,.T.);
#707=ORIENTED_EDGE('',*,*,#1018,.F.);
#708=ORIENTED_EDGE('',*,*,#1021,.F.);
#709=ORIENTED_EDGE('',*,*,#1031,.T.);
#710=ORIENTED_EDGE('',*,*,#996,.T.);
#711=ORIENTED_EDGE('',*,*,#993,.F.);
#712=ORIENTED_EDGE('',*,*,#986,.F.);
#713=ORIENTED_EDGE('',*,*,#992,.T.);
#714=ORIENTED_EDGE('',*,*,#1030,.T.);
#715=ORIENTED_EDGE('',*,*,#998,.F.);
#716=ORIENTED_EDGE('',*,*,#1032,.F.);
#717=ORIENTED_EDGE('',*,*,#1032,.T.);
#718=ORIENTED_EDGE('',*,*,#997,.T.);
#719=ORIENTED_EDGE('',*,*,#1031,.F.);
#720=ORIENTED_EDGE('',*,*,#985,.F.);
#721=EDGE_CURVE('',#1033,#1034,#1242,.T.);
#722=EDGE_CURVE('',#1034,#1035,#1243,.T.);
#723=EDGE_CURVE('',#1036,#1035,#1244,.T.);
#724=EDGE_CURVE('',#1037,#1036,#1245,.T.);
#725=EDGE_CURVE('',#1037,#1038,#1246,.T.);
#726=EDGE_CURVE('',#1039,#1038,#1247,.T.);
#727=EDGE_CURVE('',#1040,#1039,#1248,.T.);
#728=EDGE_CURVE('',#1040,#1041,#42,.F.);
#729=EDGE_CURVE('',#1042,#1041,#1249,.T.);
#730=EDGE_CURVE('',#1043,#1042,#1250,.T.);
#731=EDGE_CURVE('',#1043,#1044,#43,.F.);
#732=EDGE_CURVE('',#1044,#1045,#1251,.T.);
#733=EDGE_CURVE('',#1045,#1046,#44,.F.);
#734=EDGE_CURVE('',#1047,#1046,#1252,.T.);
#735=EDGE_CURVE('',#1048,#1047,#1253,.T.);
#736=EDGE_CURVE('',#1048,#1049,#1254,.T.);
#737=EDGE_CURVE('',#1049,#1050,#1255,.T.);
#738=EDGE_CURVE('',#1050,#1051,#1256,.T.);
#739=EDGE_CURVE('',#1052,#1051,#1257,.T.);
#740=EDGE_CURVE('',#1033,#1052,#1258,.T.);
#741=EDGE_CURVE('',#1053,#1054,#1259,.T.);
#742=EDGE_CURVE('',#1054,#1055,#1260,.F.);
#743=EDGE_CURVE('',#1056,#1055,#1261,.T.);
#744=EDGE_CURVE('',#1056,#1053,#1262,.T.);
#745=EDGE_CURVE('',#1057,#1058,#1263,.T.);
#746=EDGE_CURVE('',#1057,#1059,#1264,.T.);
#747=EDGE_CURVE('',#1059,#1060,#45,.T.);
#748=EDGE_CURVE('',#1060,#1036,#1265,.T.);
#749=EDGE_CURVE('',#1035,#1061,#1266,.T.);
#750=EDGE_CURVE('',#1061,#1062,#1267,.T.);
#751=EDGE_CURVE('',#1052,#1062,#1268,.T.);
#752=EDGE_CURVE('',#1051,#1063,#1269,.T.);
#753=EDGE_CURVE('',#1063,#1064,#46,.T.);
#754=EDGE_CURVE('',#1058,#1064,#1270,.T.);
#755=EDGE_CURVE('',#1065,#1066,#1271,.T.);
#756=EDGE_CURVE('',#1066,#1067,#1272,.T.);
#757=EDGE_CURVE('',#1068,#1067,#1273,.T.);
#758=EDGE_CURVE('',#1065,#1068,#1274,.T.);
#759=EDGE_CURVE('',#1059,#1069,#1275,.F.);
#760=EDGE_CURVE('',#1069,#1070,#47,.T.);
#761=EDGE_CURVE('',#1064,#1070,#1276,.F.);
#762=EDGE_CURVE('',#1071,#1063,#1277,.T.);
#763=EDGE_CURVE('',#1071,#1072,#48,.T.);
#764=EDGE_CURVE('',#1072,#1060,#1278,.T.);
#765=EDGE_CURVE('',#1073,#1074,#49,.T.);
#766=EDGE_CURVE('',#1074,#1075,#1279,.T.);
#767=EDGE_CURVE('',#1076,#1075,#50,.T.);
#768=EDGE_CURVE('',#1076,#1077,#1280,.T.);
#769=EDGE_CURVE('',#1077,#1078,#1281,.T.);
#770=EDGE_CURVE('',#1073,#1078,#1282,.T.);
#771=EDGE_CURVE('',#1079,#1080,#1283,.T.);
#772=EDGE_CURVE('',#1080,#1081,#1284,.T.);
#773=EDGE_CURVE('',#1082,#1081,#1285,.T.);
#774=EDGE_CURVE('',#1079,#1082,#1286,.T.);
#775=EDGE_CURVE('',#1072,#1037,#1287,.T.);
#776=EDGE_CURVE('',#1050,#1071,#1288,.T.);
#777=EDGE_CURVE('',#1083,#1049,#1289,.T.);
#778=EDGE_CURVE('',#1084,#1083,#1290,.T.);
#779=EDGE_CURVE('',#1084,#1038,#1291,.T.);
#780=EDGE_CURVE('',#1085,#1086,#1292,.T.);
#781=EDGE_CURVE('',#1085,#1087,#1293,.T.);
#782=EDGE_CURVE('',#1087,#1088,#1294,.T.);
#783=EDGE_CURVE('',#1086,#1088,#1295,.T.);
#784=EDGE_CURVE('',#1089,#1090,#1296,.T.);
#785=EDGE_CURVE('',#1090,#1091,#1297,.T.);
#786=EDGE_CURVE('',#1092,#1091,#51,.T.);
#787=EDGE_CURVE('',#1092,#1093,#1298,.T.);
#788=EDGE_CURVE('',#1093,#1094,#52,.T.);
#789=EDGE_CURVE('',#1095,#1094,#1299,.T.);
#790=EDGE_CURVE('',#1095,#1096,#1300,.T.);
#791=EDGE_CURVE('',#1097,#1096,#1301,.T.);
#792=EDGE_CURVE('',#1098,#1097,#1302,.T.);
#793=EDGE_CURVE('',#1098,#1089,#1303,.T.);
#794=EDGE_CURVE('',#1099,#1100,#1304,.T.);
#795=EDGE_CURVE('',#1099,#1101,#1305,.T.);
#796=EDGE_CURVE('',#1101,#1102,#1306,.T.);
#797=EDGE_CURVE('',#1100,#1102,#1307,.T.);
#798=EDGE_CURVE('',#1103,#1104,#1308,.T.);
#799=EDGE_CURVE('',#1103,#1105,#1309,.T.);
#800=EDGE_CURVE('',#1105,#1106,#1310,.T.);
#801=EDGE_CURVE('',#1106,#1104,#1311,.F.);
#802=EDGE_CURVE('',#1107,#1108,#14,.T.);
#803=EDGE_CURVE('',#1108,#1109,#15,.T.);
#804=EDGE_CURVE('',#1109,#1110,#53,.T.);
#805=EDGE_CURVE('',#1111,#1110,#1312,.T.);
#806=EDGE_CURVE('',#1111,#1112,#54,.T.);
#807=EDGE_CURVE('',#1112,#1113,#1313,.T.);
#808=EDGE_CURVE('',#1114,#1113,#55,.T.);
#809=EDGE_CURVE('',#1115,#1114,#1314,.T.);
#810=EDGE_CURVE('',#1107,#1115,#56,.T.);
#811=EDGE_CURVE('',#1110,#1116,#1315,.T.);
#812=EDGE_CURVE('',#1116,#1117,#1316,.F.);
#813=EDGE_CURVE('',#1111,#1117,#1317,.T.);
#814=EDGE_CURVE('',#1103,#1118,#57,.T.);
#815=EDGE_CURVE('',#1119,#1118,#1318,.F.);
#816=EDGE_CURVE('',#1105,#1119,#58,.F.);
#817=EDGE_CURVE('',#1101,#1104,#59,.T.);
#818=EDGE_CURVE('',#1102,#1106,#60,.F.);
#819=EDGE_CURVE('',#1120,#1121,#1319,.T.);
#820=EDGE_CURVE('',#1080,#1121,#1320,.T.);
#821=EDGE_CURVE('',#1079,#1120,#1321,.T.);
#822=EDGE_CURVE('',#1121,#1122,#1322,.T.);
#823=EDGE_CURVE('',#1081,#1122,#1323,.T.);
#824=EDGE_CURVE('',#1123,#1122,#1324,.T.);
#825=EDGE_CURVE('',#1082,#1123,#1325,.T.);
#826=EDGE_CURVE('',#1120,#1123,#1326,.T.);
#827=EDGE_CURVE('',#1124,#1125,#1327,.T.);
#828=EDGE_CURVE('',#1126,#1124,#1328,.T.);
#829=EDGE_CURVE('',#1126,#1127,#1329,.T.);
#830=EDGE_CURVE('',#1127,#1125,#1330,.T.);
#831=EDGE_CURVE('',#1128,#1129,#1331,.T.);
#832=EDGE_CURVE('',#1128,#1130,#1332,.F.);
#833=EDGE_CURVE('',#1130,#1131,#1333,.T.);
#834=EDGE_CURVE('',#1131,#1129,#1334,.T.);
#835=EDGE_CURVE('',#1132,#1133,#1335,.T.);
#836=EDGE_CURVE('',#1133,#1134,#1336,.T.);
#837=EDGE_CURVE('',#1135,#1134,#1337,.T.);
#838=EDGE_CURVE('',#1132,#1135,#1338,.T.);
#839=EDGE_CURVE('',#1086,#1136,#1339,.T.);
#840=EDGE_CURVE('',#1137,#1136,#1340,.T.);
#841=EDGE_CURVE('',#1085,#1137,#1341,.T.);
#842=EDGE_CURVE('',#1137,#1138,#1342,.T.);
#843=EDGE_CURVE('',#1087,#1138,#1343,.T.);
#844=EDGE_CURVE('',#1138,#1139,#1344,.T.);
#845=EDGE_CURVE('',#1088,#1139,#1345,.T.);
#846=EDGE_CURVE('',#1136,#1139,#1346,.T.);
#847=EDGE_CURVE('',#1140,#1141,#1347,.T.);
#848=EDGE_CURVE('',#1142,#1140,#1348,.T.);
#849=EDGE_CURVE('',#1142,#1143,#1349,.T.);
#850=EDGE_CURVE('',#1143,#1141,#1350,.T.);
#851=EDGE_CURVE('',#1144,#1140,#61,.T.);
#852=EDGE_CURVE('',#1144,#1145,#16,.T.);
#853=EDGE_CURVE('',#1145,#1146,#17,.T.);
#854=EDGE_CURVE('',#1146,#1099,#62,.T.);
#855=EDGE_CURVE('',#1100,#1053,#63,.T.);
#856=EDGE_CURVE('',#1142,#1056,#64,.T.);
#857=EDGE_CURVE('',#1147,#1148,#1351,.T.);
#858=EDGE_CURVE('',#1147,#1149,#1352,.F.);
#859=EDGE_CURVE('',#1149,#1150,#1353,.T.);
#860=EDGE_CURVE('',#1150,#1148,#1354,.T.);
#861=EDGE_CURVE('',#1112,#1151,#1355,.T.);
#862=EDGE_CURVE('',#1151,#1152,#1356,.T.);
#863=EDGE_CURVE('',#1113,#1152,#1357,.T.);
#864=EDGE_CURVE('',#1115,#1118,#1358,.T.);
#865=EDGE_CURVE('',#1114,#1119,#1359,.T.);
#866=EDGE_CURVE('',#1153,#1154,#1360,.T.);
#867=EDGE_CURVE('',#1154,#1155,#1361,.T.);
#868=EDGE_CURVE('',#1155,#1156,#1362,.F.);
#869=EDGE_CURVE('',#1153,#1156,#1363,.T.);
#870=EDGE_CURVE('',#1152,#1157,#65,.T.);
#871=EDGE_CURVE('',#1157,#1128,#66,.F.);
#872=EDGE_CURVE('',#1129,#1147,#67,.F.);
#873=EDGE_CURVE('',#1148,#1054,#68,.F.);
#874=EDGE_CURVE('',#1151,#1158,#69,.T.);
#875=EDGE_CURVE('',#1158,#1157,#1364,.F.);
#876=EDGE_CURVE('',#1159,#1160,#1365,.T.);
#877=EDGE_CURVE('',#1161,#1159,#70,.T.);
#878=EDGE_CURVE('',#1161,#1162,#1366,.T.);
#879=EDGE_CURVE('',#1163,#1162,#71,.T.);
#880=EDGE_CURVE('',#1163,#1164,#1367,.T.);
#881=EDGE_CURVE('',#1165,#1164,#72,.T.);
#882=EDGE_CURVE('',#1165,#1166,#1368,.T.);
#883=EDGE_CURVE('',#1160,#1166,#73,.T.);
#884=EDGE_CURVE('',#1167,#1167,#74,.T.);
#885=EDGE_CURVE('',#1130,#1158,#75,.F.);
#886=EDGE_CURVE('',#1117,#1153,#76,.F.);
#887=EDGE_CURVE('',#1156,#1143,#77,.F.);
#888=EDGE_CURVE('',#1055,#1150,#78,.F.);
#889=EDGE_CURVE('',#1149,#1131,#79,.F.);
#890=EDGE_CURVE('',#1168,#1133,#1369,.T.);
#891=EDGE_CURVE('',#1168,#1169,#1370,.T.);
#892=EDGE_CURVE('',#1169,#1134,#1371,.T.);
#893=EDGE_CURVE('',#1170,#1132,#1372,.T.);
#894=EDGE_CURVE('',#1170,#1168,#1373,.T.);
#895=EDGE_CURVE('',#1171,#1135,#1374,.T.);
#896=EDGE_CURVE('',#1170,#1171,#1375,.T.);
#897=EDGE_CURVE('',#1171,#1169,#1376,.T.);
#898=EDGE_CURVE('',#1154,#1116,#80,.T.);
#899=EDGE_CURVE('',#1141,#1155,#81,.T.);
#900=EDGE_CURVE('',#1172,#1125,#1377,.T.);
#901=EDGE_CURVE('',#1173,#1172,#1378,.T.);
#902=EDGE_CURVE('',#1173,#1124,#1379,.T.);
#903=EDGE_CURVE('',#1174,#1127,#1380,.T.);
#904=EDGE_CURVE('',#1174,#1172,#1381,.T.);
#905=EDGE_CURVE('',#1175,#1126,#1382,.T.);
#906=EDGE_CURVE('',#1175,#1174,#1383,.T.);
#907=EDGE_CURVE('',#1175,#1173,#1384,.T.);
#908=EDGE_CURVE('',#1109,#1144,#1385,.T.);
#909=EDGE_CURVE('',#1146,#1107,#1386,.F.);
#910=EDGE_CURVE('',#1176,#1177,#82,.T.);
#911=EDGE_CURVE('',#1176,#1041,#1387,.T.);
#912=EDGE_CURVE('',#1177,#1040,#1388,.T.);
#913=EDGE_CURVE('',#1043,#1161,#1389,.T.);
#914=EDGE_CURVE('',#1044,#1159,#1390,.T.);
#915=EDGE_CURVE('',#1045,#1160,#1391,.T.);
#916=EDGE_CURVE('',#1046,#1166,#1392,.T.);
#917=EDGE_CURVE('',#1178,#1179,#1393,.T.);
#918=EDGE_CURVE('',#1047,#1178,#1394,.T.);
#919=EDGE_CURVE('',#1179,#1165,#1395,.T.);
#920=EDGE_CURVE('',#1180,#1164,#1396,.T.);
#921=EDGE_CURVE('',#1180,#1179,#83,.F.);
#922=EDGE_CURVE('',#1180,#1181,#1397,.T.);
#923=EDGE_CURVE('',#1181,#1163,#1398,.T.);
#924=EDGE_CURVE('',#1182,#1162,#1399,.T.);
#925=EDGE_CURVE('',#1182,#1181,#84,.F.);
#926=EDGE_CURVE('',#1182,#1183,#1400,.T.);
#927=EDGE_CURVE('',#1183,#1042,#1401,.T.);
#928=EDGE_CURVE('',#1184,#1178,#1402,.T.);
#929=EDGE_CURVE('',#1184,#1048,#1403,.T.);
#930=EDGE_CURVE('',#1183,#1176,#1404,.T.);
#931=EDGE_CURVE('',#1185,#1039,#1405,.T.);
#932=EDGE_CURVE('',#1177,#1185,#1406,.T.);
#933=EDGE_CURVE('',#1184,#1083,#1407,.T.);
#934=EDGE_CURVE('',#1185,#1084,#1408,.T.);
#935=EDGE_CURVE('',#1186,#1097,#1409,.T.);
#936=EDGE_CURVE('',#1187,#1186,#1410,.T.);
#937=EDGE_CURVE('',#1187,#1098,#85,.T.);
#938=EDGE_CURVE('',#1188,#1096,#1411,.T.);
#939=EDGE_CURVE('',#1186,#1188,#1412,.T.);
#940=EDGE_CURVE('',#1089,#1189,#86,.F.);
#941=EDGE_CURVE('',#1189,#1188,#1413,.T.);
#942=EDGE_CURVE('',#1190,#1095,#1414,.T.);
#943=EDGE_CURVE('',#1191,#1190,#1415,.T.);
#944=EDGE_CURVE('',#1191,#1090,#1416,.T.);
#945=EDGE_CURVE('',#1187,#1189,#1417,.T.);
#946=EDGE_CURVE('',#1192,#1073,#1418,.T.);
#947=EDGE_CURVE('',#1192,#1193,#87,.T.);
#948=EDGE_CURVE('',#1193,#1074,#1419,.T.);
#949=EDGE_CURVE('',#1194,#1078,#1420,.T.);
#950=EDGE_CURVE('',#1192,#1194,#1421,.T.);
#951=EDGE_CURVE('',#1195,#1077,#1422,.T.);
#952=EDGE_CURVE('',#1195,#1194,#1423,.T.);
#953=EDGE_CURVE('',#1196,#1076,#1424,.T.);
#954=EDGE_CURVE('',#1196,#1195,#1425,.T.);
#955=EDGE_CURVE('',#1197,#1075,#1426,.T.);
#956=EDGE_CURVE('',#1196,#1197,#88,.T.);
#957=EDGE_CURVE('',#1193,#1197,#1427,.T.);
#958=EDGE_CURVE('',#1198,#1093,#1428,.T.);
#959=EDGE_CURVE('',#1198,#1199,#89,.T.);
#960=EDGE_CURVE('',#1199,#1094,#1429,.T.);
#961=EDGE_CURVE('',#1200,#1092,#1430,.T.);
#962=EDGE_CURVE('',#1200,#1198,#1431,.T.);
#963=EDGE_CURVE('',#1201,#1091,#1432,.T.);
#964=EDGE_CURVE('',#1200,#1201,#90,.T.);
#965=EDGE_CURVE('',#1191,#1201,#1433,.T.);
#966=EDGE_CURVE('',#1190,#1199,#1434,.T.);
#967=EDGE_CURVE('',#1202,#1069,#1435,.T.);
#968=EDGE_CURVE('',#1202,#1203,#1436,.T.);
#969=EDGE_CURVE('',#1203,#1070,#1437,.T.);
#970=EDGE_CURVE('',#1203,#1058,#1438,.T.);
#971=EDGE_CURVE('',#1202,#1057,#1439,.T.);
#972=EDGE_CURVE('',#1034,#1204,#1440,.T.);
#973=EDGE_CURVE('',#1204,#1061,#1441,.T.);
#974=EDGE_CURVE('',#1205,#1062,#1442,.T.);
#975=EDGE_CURVE('',#1033,#1205,#1443,.T.);
#976=EDGE_CURVE('',#1204,#1205,#1444,.T.);
#977=EDGE_CURVE('',#1206,#1065,#1445,.T.);
#978=EDGE_CURVE('',#1206,#1207,#1446,.T.);
#979=EDGE_CURVE('',#1207,#1066,#1447,.T.);
#980=EDGE_CURVE('',#1208,#1068,#1448,.T.);
#981=EDGE_CURVE('',#1206,#1208,#1449,.T.);
#982=EDGE_CURVE('',#1209,#1067,#1450,.T.);
#983=EDGE_CURVE('',#1208,#1209,#1451,.T.);
#984=EDGE_CURVE('',#1207,#1209,#1452,.T.);
#985=EDGE_CURVE('',#1210,#1211,#91,.F.);
#986=EDGE_CURVE('',#1211,#1212,#1453,.T.);
#987=EDGE_CURVE('',#1213,#1212,#92,.T.);
#988=EDGE_CURVE('',#1214,#1213,#1454,.T.);
#989=EDGE_CURVE('',#1215,#1214,#93,.F.);
#990=EDGE_CURVE('',#1215,#1216,#1455,.T.);
#991=EDGE_CURVE('',#1217,#1216,#94,.T.);
#992=EDGE_CURVE('',#1210,#1217,#1456,.T.);
#993=EDGE_CURVE('',#1212,#1218,#1457,.T.);
#994=EDGE_CURVE('',#1219,#1218,#1458,.T.);
#995=EDGE_CURVE('',#1213,#1219,#1459,.T.);
#996=EDGE_CURVE('',#1220,#1218,#1460,.T.);
#997=EDGE_CURVE('',#1221,#1220,#1461,.T.);
#998=EDGE_CURVE('',#1221,#1222,#1462,.T.);
#999=EDGE_CURVE('',#1222,#1223,#1463,.T.);
#1000=EDGE_CURVE('',#1224,#1223,#1464,.T.);
#1001=EDGE_CURVE('',#1224,#1225,#1465,.T.);
#1002=EDGE_CURVE('',#1225,#1226,#1466,.T.);
#1003=EDGE_CURVE('',#1227,#1226,#1467,.T.);
#1004=EDGE_CURVE('',#1228,#1227,#1468,.T.);
#1005=EDGE_CURVE('',#1228,#1229,#1469,.T.);
#1006=EDGE_CURVE('',#1229,#1219,#1470,.T.);
#1007=EDGE_CURVE('',#1230,#1231,#1471,.T.);
#1008=EDGE_CURVE('',#1231,#1232,#1472,.T.);
#1009=EDGE_CURVE('',#1233,#1232,#1473,.T.);
#1010=EDGE_CURVE('',#1230,#1233,#1474,.T.);
#1011=EDGE_CURVE('',#1234,#1235,#1475,.T.);
#1012=EDGE_CURVE('',#1235,#1231,#1476,.T.);
#1013=EDGE_CURVE('',#1234,#1230,#1477,.T.);
#1014=EDGE_CURVE('',#1235,#1236,#95,.F.);
#1015=EDGE_CURVE('',#1234,#1237,#96,.F.);
#1016=EDGE_CURVE('',#1237,#1236,#1478,.T.);
#1017=EDGE_CURVE('',#1238,#1239,#1479,.T.);
#1018=EDGE_CURVE('',#1239,#1236,#1480,.T.);
#1019=EDGE_CURVE('',#1238,#1237,#1481,.T.);
#1020=EDGE_CURVE('',#1240,#1241,#1482,.T.);
#1021=EDGE_CURVE('',#1241,#1239,#1483,.T.);
#1022=EDGE_CURVE('',#1240,#1238,#1484,.T.);
#1023=EDGE_CURVE('',#1227,#1241,#1485,.T.);
#1024=EDGE_CURVE('',#1228,#1240,#1486,.T.);
#1025=EDGE_CURVE('',#1226,#1232,#1487,.T.);
#1026=EDGE_CURVE('',#1225,#1233,#1488,.T.);
#1027=EDGE_CURVE('',#1215,#1224,#1489,.T.);
#1028=EDGE_CURVE('',#1229,#1214,#1490,.T.);
#1029=EDGE_CURVE('',#1223,#1216,#1491,.T.);
#1030=EDGE_CURVE('',#1217,#1222,#1492,.T.);
#1031=EDGE_CURVE('',#1211,#1220,#1493,.T.);
#1032=EDGE_CURVE('',#1210,#1221,#1494,.T.);
#1033=VERTEX_POINT('',#2985);
#1034=VERTEX_POINT('',#2986);
#1035=VERTEX_POINT('',#2988);
#1036=VERTEX_POINT('',#2990);
#1037=VERTEX_POINT('',#2992);
#1038=VERTEX_POINT('',#2994);
#1039=VERTEX_POINT('',#2996);
#1040=VERTEX_POINT('',#2998);
#1041=VERTEX_POINT('',#3000);
#1042=VERTEX_POINT('',#3002);
#1043=VERTEX_POINT('',#3004);
#1044=VERTEX_POINT('',#3006);
#1045=VERTEX_POINT('',#3008);
#1046=VERTEX_POINT('',#3010);
#1047=VERTEX_POINT('',#3012);
#1048=VERTEX_POINT('',#3014);
#1049=VERTEX_POINT('',#3016);
#1050=VERTEX_POINT('',#3018);
#1051=VERTEX_POINT('',#3020);
#1052=VERTEX_POINT('',#3022);
#1053=VERTEX_POINT('',#3026);
#1054=VERTEX_POINT('',#3027);
#1055=VERTEX_POINT('',#3029);
#1056=VERTEX_POINT('',#3031);
#1057=VERTEX_POINT('',#3034);
#1058=VERTEX_POINT('',#3035);
#1059=VERTEX_POINT('',#3037);
#1060=VERTEX_POINT('',#3039);
#1061=VERTEX_POINT('',#3042);
#1062=VERTEX_POINT('',#3044);
#1063=VERTEX_POINT('',#3047);
#1064=VERTEX_POINT('',#3049);
#1065=VERTEX_POINT('',#3052);
#1066=VERTEX_POINT('',#3053);
#1067=VERTEX_POINT('',#3055);
#1068=VERTEX_POINT('',#3057);
#1069=VERTEX_POINT('',#3061);
#1070=VERTEX_POINT('',#3063);
#1071=VERTEX_POINT('',#3066);
#1072=VERTEX_POINT('',#3068);
#1073=VERTEX_POINT('',#3072);
#1074=VERTEX_POINT('',#3073);
#1075=VERTEX_POINT('',#3075);
#1076=VERTEX_POINT('',#3077);
#1077=VERTEX_POINT('',#3079);
#1078=VERTEX_POINT('',#3081);
#1079=VERTEX_POINT('',#3084);
#1080=VERTEX_POINT('',#3085);
#1081=VERTEX_POINT('',#3087);
#1082=VERTEX_POINT('',#3089);
#1083=VERTEX_POINT('',#3094);
#1084=VERTEX_POINT('',#3096);
#1085=VERTEX_POINT('',#3099);
#1086=VERTEX_POINT('',#3100);
#1087=VERTEX_POINT('',#3102);
#1088=VERTEX_POINT('',#3104);
#1089=VERTEX_POINT('',#3107);
#1090=VERTEX_POINT('',#3108);
#1091=VERTEX_POINT('',#3110);
#1092=VERTEX_POINT('',#3112);
#1093=VERTEX_POINT('',#3114);
#1094=VERTEX_POINT('',#3116);
#1095=VERTEX_POINT('',#3118);
#1096=VERTEX_POINT('',#3120);
#1097=VERTEX_POINT('',#3122);
#1098=VERTEX_POINT('',#3124);
#1099=VERTEX_POINT('',#3128);
#1100=VERTEX_POINT('',#3129);
#1101=VERTEX_POINT('',#3131);
#1102=VERTEX_POINT('',#3133);
#1103=VERTEX_POINT('',#3137);
#1104=VERTEX_POINT('',#3138);
#1105=VERTEX_POINT('',#3140);
#1106=VERTEX_POINT('',#3142);
#1107=VERTEX_POINT('',#3150);
#1108=VERTEX_POINT('',#3151);
#1109=VERTEX_POINT('',#3157);
#1110=VERTEX_POINT('',#3159);
#1111=VERTEX_POINT('',#3161);
#1112=VERTEX_POINT('',#3163);
#1113=VERTEX_POINT('',#3165);
#1114=VERTEX_POINT('',#3167);
#1115=VERTEX_POINT('',#3169);
#1116=VERTEX_POINT('',#3173);
#1117=VERTEX_POINT('',#3175);
#1118=VERTEX_POINT('',#3179);
#1119=VERTEX_POINT('',#3181);
#1120=VERTEX_POINT('',#3188);
#1121=VERTEX_POINT('',#3189);
#1122=VERTEX_POINT('',#3194);
#1123=VERTEX_POINT('',#3198);
#1124=VERTEX_POINT('',#3204);
#1125=VERTEX_POINT('',#3205);
#1126=VERTEX_POINT('',#3207);
#1127=VERTEX_POINT('',#3209);
#1128=VERTEX_POINT('',#3212);
#1129=VERTEX_POINT('',#3213);
#1130=VERTEX_POINT('',#3215);
#1131=VERTEX_POINT('',#3217);
#1132=VERTEX_POINT('',#3220);
#1133=VERTEX_POINT('',#3221);
#1134=VERTEX_POINT('',#3223);
#1135=VERTEX_POINT('',#3225);
#1136=VERTEX_POINT('',#3229);
#1137=VERTEX_POINT('',#3231);
#1138=VERTEX_POINT('',#3235);
#1139=VERTEX_POINT('',#3239);
#1140=VERTEX_POINT('',#3245);
#1141=VERTEX_POINT('',#3246);
#1142=VERTEX_POINT('',#3248);
#1143=VERTEX_POINT('',#3250);
#1144=VERTEX_POINT('',#3254);
#1145=VERTEX_POINT('',#3260);
#1146=VERTEX_POINT('',#3266);
#1147=VERTEX_POINT('',#3272);
#1148=VERTEX_POINT('',#3273);
#1149=VERTEX_POINT('',#3275);
#1150=VERTEX_POINT('',#3277);
#1151=VERTEX_POINT('',#3281);
#1152=VERTEX_POINT('',#3283);
#1153=VERTEX_POINT('',#3290);
#1154=VERTEX_POINT('',#3291);
#1155=VERTEX_POINT('',#3293);
#1156=VERTEX_POINT('',#3295);
#1157=VERTEX_POINT('',#3299);
#1158=VERTEX_POINT('',#3305);
#1159=VERTEX_POINT('',#3309);
#1160=VERTEX_POINT('',#3310);
#1161=VERTEX_POINT('',#3312);
#1162=VERTEX_POINT('',#3314);
#1163=VERTEX_POINT('',#3316);
#1164=VERTEX_POINT('',#3318);
#1165=VERTEX_POINT('',#3320);
#1166=VERTEX_POINT('',#3322);
#1167=VERTEX_POINT('',#3325);
#1168=VERTEX_POINT('',#3335);
#1169=VERTEX_POINT('',#3337);
#1170=VERTEX_POINT('',#3341);
#1171=VERTEX_POINT('',#3345);
#1172=VERTEX_POINT('',#3359);
#1173=VERTEX_POINT('',#3361);
#1174=VERTEX_POINT('',#3365);
#1175=VERTEX_POINT('',#3369);
#1176=VERTEX_POINT('',#3381);
#1177=VERTEX_POINT('',#3382);
#1178=VERTEX_POINT('',#3394);
#1179=VERTEX_POINT('',#3395);
#1180=VERTEX_POINT('',#3400);
#1181=VERTEX_POINT('',#3404);
#1182=VERTEX_POINT('',#3408);
#1183=VERTEX_POINT('',#3412);
#1184=VERTEX_POINT('',#3416);
#1185=VERTEX_POINT('',#3422);
#1186=VERTEX_POINT('',#3431);
#1187=VERTEX_POINT('',#3433);
#1188=VERTEX_POINT('',#3437);
#1189=VERTEX_POINT('',#3441);
#1190=VERTEX_POINT('',#3444);
#1191=VERTEX_POINT('',#3446);
#1192=VERTEX_POINT('',#3453);
#1193=VERTEX_POINT('',#3455);
#1194=VERTEX_POINT('',#3459);
#1195=VERTEX_POINT('',#3463);
#1196=VERTEX_POINT('',#3467);
#1197=VERTEX_POINT('',#3471);
#1198=VERTEX_POINT('',#3478);
#1199=VERTEX_POINT('',#3480);
#1200=VERTEX_POINT('',#3484);
#1201=VERTEX_POINT('',#3488);
#1202=VERTEX_POINT('',#3497);
#1203=VERTEX_POINT('',#3499);
#1204=VERTEX_POINT('',#3508);
#1205=VERTEX_POINT('',#3512);
#1206=VERTEX_POINT('',#3519);
#1207=VERTEX_POINT('',#3521);
#1208=VERTEX_POINT('',#3525);
#1209=VERTEX_POINT('',#3529);
#1210=VERTEX_POINT('',#3537);
#1211=VERTEX_POINT('',#3538);
#1212=VERTEX_POINT('',#3540);
#1213=VERTEX_POINT('',#3542);
#1214=VERTEX_POINT('',#3544);
#1215=VERTEX_POINT('',#3546);
#1216=VERTEX_POINT('',#3548);
#1217=VERTEX_POINT('',#3550);
#1218=VERTEX_POINT('',#3554);
#1219=VERTEX_POINT('',#3556);
#1220=VERTEX_POINT('',#3560);
#1221=VERTEX_POINT('',#3562);
#1222=VERTEX_POINT('',#3564);
#1223=VERTEX_POINT('',#3566);
#1224=VERTEX_POINT('',#3568);
#1225=VERTEX_POINT('',#3570);
#1226=VERTEX_POINT('',#3572);
#1227=VERTEX_POINT('',#3574);
#1228=VERTEX_POINT('',#3576);
#1229=VERTEX_POINT('',#3578);
#1230=VERTEX_POINT('',#3582);
#1231=VERTEX_POINT('',#3583);
#1232=VERTEX_POINT('',#3585);
#1233=VERTEX_POINT('',#3587);
#1234=VERTEX_POINT('',#3591);
#1235=VERTEX_POINT('',#3592);
#1236=VERTEX_POINT('',#3597);
#1237=VERTEX_POINT('',#3599);
#1238=VERTEX_POINT('',#3603);
#1239=VERTEX_POINT('',#3604);
#1240=VERTEX_POINT('',#3609);
#1241=VERTEX_POINT('',#3610);
#1242=LINE('',#2984,#1495);
#1243=LINE('',#2987,#1496);
#1244=LINE('',#2989,#1497);
#1245=LINE('',#2991,#1498);
#1246=LINE('',#2993,#1499);
#1247=LINE('',#2995,#1500);
#1248=LINE('',#2997,#1501);
#1249=LINE('',#3001,#1502);
#1250=LINE('',#3003,#1503);
#1251=LINE('',#3007,#1504);
#1252=LINE('',#3011,#1505);
#1253=LINE('',#3013,#1506);
#1254=LINE('',#3015,#1507);
#1255=LINE('',#3017,#1508);
#1256=LINE('',#3019,#1509);
#1257=LINE('',#3021,#1510);
#1258=LINE('',#3023,#1511);
#1259=LINE('',#3025,#1512);
#1260=LINE('',#3028,#1513);
#1261=LINE('',#3030,#1514);
#1262=LINE('',#3032,#1515);
#1263=LINE('',#3033,#1516);
#1264=LINE('',#3036,#1517);
#1265=LINE('',#3040,#1518);
#1266=LINE('',#3041,#1519);
#1267=LINE('',#3043,#1520);
#1268=LINE('',#3045,#1521);
#1269=LINE('',#3046,#1522);
#1270=LINE('',#3050,#1523);
#1271=LINE('',#3051,#1524);
#1272=LINE('',#3054,#1525);
#1273=LINE('',#3056,#1526);
#1274=LINE('',#3058,#1527);
#1275=LINE('',#3060,#1528);
#1276=LINE('',#3064,#1529);
#1277=LINE('',#3065,#1530);
#1278=LINE('',#3069,#1531);
#1279=LINE('',#3074,#1532);
#1280=LINE('',#3078,#1533);
#1281=LINE('',#3080,#1534);
#1282=LINE('',#3082,#1535);
#1283=LINE('',#3083,#1536);
#1284=LINE('',#3086,#1537);
#1285=LINE('',#3088,#1538);
#1286=LINE('',#3090,#1539);
#1287=LINE('',#3091,#1540);
#1288=LINE('',#3092,#1541);
#1289=LINE('',#3093,#1542);
#1290=LINE('',#3095,#1543);
#1291=LINE('',#3097,#1544);
#1292=LINE('',#3098,#1545);
#1293=LINE('',#3101,#1546);
#1294=LINE('',#3103,#1547);
#1295=LINE('',#3105,#1548);
#1296=LINE('',#3106,#1549);
#1297=LINE('',#3109,#1550);
#1298=LINE('',#3113,#1551);
#1299=LINE('',#3117,#1552);
#1300=LINE('',#3119,#1553);
#1301=LINE('',#3121,#1554);
#1302=LINE('',#3123,#1555);
#1303=LINE('',#3125,#1556);
#1304=LINE('',#3127,#1557);
#1305=LINE('',#3130,#1558);
#1306=LINE('',#3132,#1559);
#1307=LINE('',#3134,#1560);
#1308=LINE('',#3136,#1561);
#1309=LINE('',#3139,#1562);
#1310=LINE('',#3141,#1563);
#1311=LINE('',#3143,#1564);
#1312=LINE('',#3160,#1565);
#1313=LINE('',#3164,#1566);
#1314=LINE('',#3168,#1567);
#1315=LINE('',#3172,#1568);
#1316=LINE('',#3174,#1569);
#1317=LINE('',#3176,#1570);
#1318=LINE('',#3180,#1571);
#1319=LINE('',#3187,#1572);
#1320=LINE('',#3190,#1573);
#1321=LINE('',#3191,#1574);
#1322=LINE('',#3193,#1575);
#1323=LINE('',#3195,#1576);
#1324=LINE('',#3197,#1577);
#1325=LINE('',#3199,#1578);
#1326=LINE('',#3201,#1579);
#1327=LINE('',#3203,#1580);
#1328=LINE('',#3206,#1581);
#1329=LINE('',#3208,#1582);
#1330=LINE('',#3210,#1583);
#1331=LINE('',#3211,#1584);
#1332=LINE('',#3214,#1585);
#1333=LINE('',#3216,#1586);
#1334=LINE('',#3218,#1587);
#1335=LINE('',#3219,#1588);
#1336=LINE('',#3222,#1589);
#1337=LINE('',#3224,#1590);
#1338=LINE('',#3226,#1591);
#1339=LINE('',#3228,#1592);
#1340=LINE('',#3230,#1593);
#1341=LINE('',#3232,#1594);
#1342=LINE('',#3234,#1595);
#1343=LINE('',#3236,#1596);
#1344=LINE('',#3238,#1597);
#1345=LINE('',#3240,#1598);
#1346=LINE('',#3242,#1599);
#1347=LINE('',#3244,#1600);
#1348=LINE('',#3247,#1601);
#1349=LINE('',#3249,#1602);
#1350=LINE('',#3251,#1603);
#1351=LINE('',#3271,#1604);
#1352=LINE('',#3274,#1605);
#1353=LINE('',#3276,#1606);
#1354=LINE('',#3278,#1607);
#1355=LINE('',#3280,#1608);
#1356=LINE('',#3282,#1609);
#1357=LINE('',#3284,#1610);
#1358=LINE('',#3286,#1611);
#1359=LINE('',#3287,#1612);
#1360=LINE('',#3289,#1613);
#1361=LINE('',#3292,#1614);
#1362=LINE('',#3294,#1615);
#1363=LINE('',#3296,#1616);
#1364=LINE('',#3306,#1617);
#1365=LINE('',#3308,#1618);
#1366=LINE('',#3313,#1619);
#1367=LINE('',#3317,#1620);
#1368=LINE('',#3321,#1621);
#1369=LINE('',#3334,#1622);
#1370=LINE('',#3336,#1623);
#1371=LINE('',#3338,#1624);
#1372=LINE('',#3340,#1625);
#1373=LINE('',#3342,#1626);
#1374=LINE('',#3344,#1627);
#1375=LINE('',#3346,#1628);
#1376=LINE('',#3348,#1629);
#1377=LINE('',#3358,#1630);
#1378=LINE('',#3360,#1631);
#1379=LINE('',#3362,#1632);
#1380=LINE('',#3364,#1633);
#1381=LINE('',#3366,#1634);
#1382=LINE('',#3368,#1635);
#1383=LINE('',#3370,#1636);
#1384=LINE('',#3372,#1637);
#1385=LINE('',#3375,#1638);
#1386=LINE('',#3377,#1639);
#1387=LINE('',#3383,#1640);
#1388=LINE('',#3384,#1641);
#1389=LINE('',#3386,#1642);
#1390=LINE('',#3387,#1643);
#1391=LINE('',#3389,#1644);
#1392=LINE('',#3391,#1645);
#1393=LINE('',#3393,#1646);
#1394=LINE('',#3396,#1647);
#1395=LINE('',#3397,#1648);
#1396=LINE('',#3399,#1649);
#1397=LINE('',#3403,#1650);
#1398=LINE('',#3405,#1651);
#1399=LINE('',#3407,#1652);
#1400=LINE('',#3411,#1653);
#1401=LINE('',#3413,#1654);
#1402=LINE('',#3415,#1655);
#1403=LINE('',#3417,#1656);
#1404=LINE('',#3419,#1657);
#1405=LINE('',#3421,#1658);
#1406=LINE('',#3423,#1659);
#1407=LINE('',#3425,#1660);
#1408=LINE('',#3427,#1661);
#1409=LINE('',#3430,#1662);
#1410=LINE('',#3432,#1663);
#1411=LINE('',#3436,#1664);
#1412=LINE('',#3438,#1665);
#1413=LINE('',#3442,#1666);
#1414=LINE('',#3443,#1667);
#1415=LINE('',#3445,#1668);
#1416=LINE('',#3447,#1669);
#1417=LINE('',#3449,#1670);
#1418=LINE('',#3452,#1671);
#1419=LINE('',#3456,#1672);
#1420=LINE('',#3458,#1673);
#1421=LINE('',#3460,#1674);
#1422=LINE('',#3462,#1675);
#1423=LINE('',#3464,#1676);
#1424=LINE('',#3466,#1677);
#1425=LINE('',#3468,#1678);
#1426=LINE('',#3470,#1679);
#1427=LINE('',#3474,#1680);
#1428=LINE('',#3477,#1681);
#1429=LINE('',#3481,#1682);
#1430=LINE('',#3483,#1683);
#1431=LINE('',#3485,#1684);
#1432=LINE('',#3487,#1685);
#1433=LINE('',#3491,#1686);
#1434=LINE('',#3493,#1687);
#1435=LINE('',#3496,#1688);
#1436=LINE('',#3498,#1689);
#1437=LINE('',#3500,#1690);
#1438=LINE('',#3502,#1691);
#1439=LINE('',#3504,#1692);
#1440=LINE('',#3507,#1693);
#1441=LINE('',#3509,#1694);
#1442=LINE('',#3511,#1695);
#1443=LINE('',#3513,#1696);
#1444=LINE('',#3515,#1697);
#1445=LINE('',#3518,#1698);
#1446=LINE('',#3520,#1699);
#1447=LINE('',#3522,#1700);
#1448=LINE('',#3524,#1701);
#1449=LINE('',#3526,#1702);
#1450=LINE('',#3528,#1703);
#1451=LINE('',#3530,#1704);
#1452=LINE('',#3532,#1705);
#1453=LINE('',#3539,#1706);
#1454=LINE('',#3543,#1707);
#1455=LINE('',#3547,#1708);
#1456=LINE('',#3551,#1709);
#1457=LINE('',#3553,#1710);
#1458=LINE('',#3555,#1711);
#1459=LINE('',#3557,#1712);
#1460=LINE('',#3559,#1713);
#1461=LINE('',#3561,#1714);
#1462=LINE('',#3563,#1715);
#1463=LINE('',#3565,#1716);
#1464=LINE('',#3567,#1717);
#1465=LINE('',#3569,#1718);
#1466=LINE('',#3571,#1719);
#1467=LINE('',#3573,#1720);
#1468=LINE('',#3575,#1721);
#1469=LINE('',#3577,#1722);
#1470=LINE('',#3579,#1723);
#1471=LINE('',#3581,#1724);
#1472=LINE('',#3584,#1725);
#1473=LINE('',#3586,#1726);
#1474=LINE('',#3588,#1727);
#1475=LINE('',#3590,#1728);
#1476=LINE('',#3593,#1729);
#1477=LINE('',#3594,#1730);
#1478=LINE('',#3600,#1731);
#1479=LINE('',#3602,#1732);
#1480=LINE('',#3605,#1733);
#1481=LINE('',#3606,#1734);
#1482=LINE('',#3608,#1735);
#1483=LINE('',#3611,#1736);
#1484=LINE('',#3612,#1737);
#1485=LINE('',#3614,#1738);
#1486=LINE('',#3615,#1739);
#1487=LINE('',#3617,#1740);
#1488=LINE('',#3618,#1741);
#1489=LINE('',#3620,#1742);
#1490=LINE('',#3621,#1743);
#1491=LINE('',#3623,#1744);
#1492=LINE('',#3625,#1745);
#1493=LINE('',#3629,#1746);
#1494=LINE('',#3631,#1747);
#1495=VECTOR('',#2395,1000.);
#1496=VECTOR('',#2396,1000.);
#1497=VECTOR('',#2397,1000.);
#1498=VECTOR('',#2398,1000.);
#1499=VECTOR('',#2399,1000.);
#1500=VECTOR('',#2400,1000.);
#1501=VECTOR('',#2401,1000.);
#1502=VECTOR('',#2404,1000.);
#1503=VECTOR('',#2405,1000.);
#1504=VECTOR('',#2408,1000.);
#1505=VECTOR('',#2411,1000.);
#1506=VECTOR('',#2412,1000.);
#1507=VECTOR('',#2413,1000.);
#1508=VECTOR('',#2414,1000.);
#1509=VECTOR('',#2415,1000.);
#1510=VECTOR('',#2416,1000.);
#1511=VECTOR('',#2417,1000.);
#1512=VECTOR('',#2420,1000.);
#1513=VECTOR('',#2421,1000.);
#1514=VECTOR('',#2422,1000.);
#1515=VECTOR('',#2423,1000.);
#1516=VECTOR('',#2424,1000.);
#1517=VECTOR('',#2425,1000.);
#1518=VECTOR('',#2428,1000.);
#1519=VECTOR('',#2429,1000.);
#1520=VECTOR('',#2430,1000.);
#1521=VECTOR('',#2431,1000.);
#1522=VECTOR('',#2432,1000.);
#1523=VECTOR('',#2435,1000.);
#1524=VECTOR('',#2436,1000.);
#1525=VECTOR('',#2437,1000.);
#1526=VECTOR('',#2438,1000.);
#1527=VECTOR('',#2439,1000.);
#1528=VECTOR('',#2442,1000.);
#1529=VECTOR('',#2445,1000.);
#1530=VECTOR('',#2446,1000.);
#1531=VECTOR('',#2449,1000.);
#1532=VECTOR('',#2454,1000.);
#1533=VECTOR('',#2457,1000.);
#1534=VECTOR('',#2458,1000.);
#1535=VECTOR('',#2459,1000.);
#1536=VECTOR('',#2460,1000.);
#1537=VECTOR('',#2461,1000.);
#1538=VECTOR('',#2462,1000.);
#1539=VECTOR('',#2463,1000.);
#1540=VECTOR('',#2464,1000.);
#1541=VECTOR('',#2465,1000.);
#1542=VECTOR('',#2466,1000.);
#1543=VECTOR('',#2467,1000.);
#1544=VECTOR('',#2468,1000.);
#1545=VECTOR('',#2469,1000.);
#1546=VECTOR('',#2470,1000.);
#1547=VECTOR('',#2471,1000.);
#1548=VECTOR('',#2472,1000.);
#1549=VECTOR('',#2473,1000.);
#1550=VECTOR('',#2474,1000.);
#1551=VECTOR('',#2477,1000.);
#1552=VECTOR('',#2480,1000.);
#1553=VECTOR('',#2481,1000.);
#1554=VECTOR('',#2482,1000.);
#1555=VECTOR('',#2483,1000.);
#1556=VECTOR('',#2484,1000.);
#1557=VECTOR('',#2487,1000.);
#1558=VECTOR('',#2488,1000.);
#1559=VECTOR('',#2489,1000.);
#1560=VECTOR('',#2490,1000.);
#1561=VECTOR('',#2493,1000.);
#1562=VECTOR('',#2494,1000.);
#1563=VECTOR('',#2495,1000.);
#1564=VECTOR('',#2496,1000.);
#1565=VECTOR('',#2501,1000.);
#1566=VECTOR('',#2504,1000.);
#1567=VECTOR('',#2507,1000.);
#1568=VECTOR('',#2512,1000.);
#1569=VECTOR('',#2513,1000.);
#1570=VECTOR('',#2514,1000.);
#1571=VECTOR('',#2519,1000.);
#1572=VECTOR('',#2530,1000.);
#1573=VECTOR('',#2531,1000.);
#1574=VECTOR('',#2532,1000.);
#1575=VECTOR('',#2535,1000.);
#1576=VECTOR('',#2536,1000.);
#1577=VECTOR('',#2539,1000.);
#1578=VECTOR('',#2540,1000.);
#1579=VECTOR('',#2543,1000.);
#1580=VECTOR('',#2546,1000.);
#1581=VECTOR('',#2547,1000.);
#1582=VECTOR('',#2548,1000.);
#1583=VECTOR('',#2549,1000.);
#1584=VECTOR('',#2550,1000.);
#1585=VECTOR('',#2551,1000.);
#1586=VECTOR('',#2552,1000.);
#1587=VECTOR('',#2553,1000.);
#1588=VECTOR('',#2554,1000.);
#1589=VECTOR('',#2555,1000.);
#1590=VECTOR('',#2556,1000.);
#1591=VECTOR('',#2557,1000.);
#1592=VECTOR('',#2560,1000.);
#1593=VECTOR('',#2561,1000.);
#1594=VECTOR('',#2562,1000.);
#1595=VECTOR('',#2565,1000.);
#1596=VECTOR('',#2566,1000.);
#1597=VECTOR('',#2569,1000.);
#1598=VECTOR('',#2570,1000.);
#1599=VECTOR('',#2573,1000.);
#1600=VECTOR('',#2576,1000.);
#1601=VECTOR('',#2577,1000.);
#1602=VECTOR('',#2578,1000.);
#1603=VECTOR('',#2579,1000.);
#1604=VECTOR('',#2592,1000.);
#1605=VECTOR('',#2593,1000.);
#1606=VECTOR('',#2594,1000.);
#1607=VECTOR('',#2595,1000.);
#1608=VECTOR('',#2598,1000.);
#1609=VECTOR('',#2599,1000.);
#1610=VECTOR('',#2600,1000.);
#1611=VECTOR('',#2603,1000.);
#1612=VECTOR('',#2604,1000.);
#1613=VECTOR('',#2607,1000.);
#1614=VECTOR('',#2608,1000.);
#1615=VECTOR('',#2609,1000.);
#1616=VECTOR('',#2610,1000.);
#1617=VECTOR('',#2625,1000.);
#1618=VECTOR('',#2628,1000.);
#1619=VECTOR('',#2631,1000.);
#1620=VECTOR('',#2634,1000.);
#1621=VECTOR('',#2637,1000.);
#1622=VECTOR('',#2658,1000.);
#1623=VECTOR('',#2659,1000.);
#1624=VECTOR('',#2660,1000.);
#1625=VECTOR('',#2663,1000.);
#1626=VECTOR('',#2664,1000.);
#1627=VECTOR('',#2667,1000.);
#1628=VECTOR('',#2668,1000.);
#1629=VECTOR('',#2671,1000.);
#1630=VECTOR('',#2690,1000.);
#1631=VECTOR('',#2691,1000.);
#1632=VECTOR('',#2692,1000.);
#1633=VECTOR('',#2695,1000.);
#1634=VECTOR('',#2696,1000.);
#1635=VECTOR('',#2699,1000.);
#1636=VECTOR('',#2700,1000.);
#1637=VECTOR('',#2703,1000.);
#1638=VECTOR('',#2708,1000.);
#1639=VECTOR('',#2711,1000.);
#1640=VECTOR('',#2718,1000.);
#1641=VECTOR('',#2719,1000.);
#1642=VECTOR('',#2722,1000.);
#1643=VECTOR('',#2723,1000.);
#1644=VECTOR('',#2726,1000.);
#1645=VECTOR('',#2729,1000.);
#1646=VECTOR('',#2732,1000.);
#1647=VECTOR('',#2733,1000.);
#1648=VECTOR('',#2734,1000.);
#1649=VECTOR('',#2737,1000.);
#1650=VECTOR('',#2742,1000.);
#1651=VECTOR('',#2743,1000.);
#1652=VECTOR('',#2746,1000.);
#1653=VECTOR('',#2751,1000.);
#1654=VECTOR('',#2752,1000.);
#1655=VECTOR('',#2755,1000.);
#1656=VECTOR('',#2756,1000.);
#1657=VECTOR('',#2759,1000.);
#1658=VECTOR('',#2762,1000.);
#1659=VECTOR('',#2763,1000.);
#1660=VECTOR('',#2766,1000.);
#1661=VECTOR('',#2769,1000.);
#1662=VECTOR('',#2774,1000.);
#1663=VECTOR('',#2775,1000.);
#1664=VECTOR('',#2780,1000.);
#1665=VECTOR('',#2781,1000.);
#1666=VECTOR('',#2786,1000.);
#1667=VECTOR('',#2787,1000.);
#1668=VECTOR('',#2788,1000.);
#1669=VECTOR('',#2789,1000.);
#1670=VECTOR('',#2792,1000.);
#1671=VECTOR('',#2797,1000.);
#1672=VECTOR('',#2800,1000.);
#1673=VECTOR('',#2803,1000.);
#1674=VECTOR('',#2804,1000.);
#1675=VECTOR('',#2807,1000.);
#1676=VECTOR('',#2808,1000.);
#1677=VECTOR('',#2811,1000.);
#1678=VECTOR('',#2812,1000.);
#1679=VECTOR('',#2815,1000.);
#1680=VECTOR('',#2820,1000.);
#1681=VECTOR('',#2825,1000.);
#1682=VECTOR('',#2828,1000.);
#1683=VECTOR('',#2831,1000.);
#1684=VECTOR('',#2832,1000.);
#1685=VECTOR('',#2835,1000.);
#1686=VECTOR('',#2840,1000.);
#1687=VECTOR('',#2843,1000.);
#1688=VECTOR('',#2848,1000.);
#1689=VECTOR('',#2849,1000.);
#1690=VECTOR('',#2850,1000.);
#1691=VECTOR('',#2853,1000.);
#1692=VECTOR('',#2856,1000.);
#1693=VECTOR('',#2861,1000.);
#1694=VECTOR('',#2862,1000.);
#1695=VECTOR('',#2865,1000.);
#1696=VECTOR('',#2866,1000.);
#1697=VECTOR('',#2869,1000.);
#1698=VECTOR('',#2874,1000.);
#1699=VECTOR('',#2875,1000.);
#1700=VECTOR('',#2876,1000.);
#1701=VECTOR('',#2879,1000.);
#1702=VECTOR('',#2880,1000.);
#1703=VECTOR('',#2883,1000.);
#1704=VECTOR('',#2884,1000.);
#1705=VECTOR('',#2887,1000.);
#1706=VECTOR('',#2896,1000.);
#1707=VECTOR('',#2899,1000.);
#1708=VECTOR('',#2902,1000.);
#1709=VECTOR('',#2905,1000.);
#1710=VECTOR('',#2908,1000.);
#1711=VECTOR('',#2909,1000.);
#1712=VECTOR('',#2910,1000.);
#1713=VECTOR('',#2913,1000.);
#1714=VECTOR('',#2914,1000.);
#1715=VECTOR('',#2915,1000.);
#1716=VECTOR('',#2916,1000.);
#1717=VECTOR('',#2917,1000.);
#1718=VECTOR('',#2918,1000.);
#1719=VECTOR('',#2919,1000.);
#1720=VECTOR('',#2920,1000.);
#1721=VECTOR('',#2921,1000.);
#1722=VECTOR('',#2922,1000.);
#1723=VECTOR('',#2923,1000.);
#1724=VECTOR('',#2926,1000.);
#1725=VECTOR('',#2927,1000.);
#1726=VECTOR('',#2928,1000.);
#1727=VECTOR('',#2929,1000.);
#1728=VECTOR('',#2932,1000.);
#1729=VECTOR('',#2933,1000.);
#1730=VECTOR('',#2934,1000.);
#1731=VECTOR('',#2941,1000.);
#1732=VECTOR('',#2944,1000.);
#1733=VECTOR('',#2945,1000.);
#1734=VECTOR('',#2946,1000.);
#1735=VECTOR('',#2949,1000.);
#1736=VECTOR('',#2950,1000.);
#1737=VECTOR('',#2951,1000.);
#1738=VECTOR('',#2954,1000.);
#1739=VECTOR('',#2955,1000.);
#1740=VECTOR('',#2958,1000.);
#1741=VECTOR('',#2959,1000.);
#1742=VECTOR('',#2962,1000.);
#1743=VECTOR('',#2963,1000.);
#1744=VECTOR('',#2966,1000.);
#1745=VECTOR('',#2969,1000.);
#1746=VECTOR('',#2976,1000.);
#1747=VECTOR('',#2979,1000.);
#1748=EDGE_LOOP('',(#97,#98,#99,#100,#101,#102,#103,#104,#105,#106,#107,
#108,#109,#110,#111,#112,#113,#114,#115,#116));
#1749=EDGE_LOOP('',(#117,#118,#119,#120));
#1750=EDGE_LOOP('',(#121,#122,#123,#124,#125,#126,#127,#128,#129,#130,#131,
#132));
#1751=EDGE_LOOP('',(#133,#134,#135,#136));
#1752=EDGE_LOOP('',(#137,#138,#139,#140,#141,#142,#143,#144));
#1753=EDGE_LOOP('',(#145,#146,#147,#148,#149,#150));
#1754=EDGE_LOOP('',(#151,#152,#153,#154));
#1755=EDGE_LOOP('',(#155,#156,#157,#158,#159,#160,#161,#162));
#1756=EDGE_LOOP('',(#163,#164,#165,#166));
#1757=EDGE_LOOP('',(#167,#168,#169,#170,#171,#172,#173,#174,#175,#176));
#1758=EDGE_LOOP('',(#177,#178,#179,#180));
#1759=EDGE_LOOP('',(#181,#182,#183,#184));
#1760=EDGE_LOOP('',(#185,#186,#187,#188,#189,#190,#191,#192,#193));
#1761=EDGE_LOOP('',(#194,#195,#196,#197));
#1762=EDGE_LOOP('',(#198,#199,#200,#201));
#1763=EDGE_LOOP('',(#202,#203,#204,#205));
#1764=EDGE_LOOP('',(#206,#207,#208,#209));
#1765=EDGE_LOOP('',(#210,#211,#212,#213));
#1766=EDGE_LOOP('',(#214,#215,#216,#217));
#1767=EDGE_LOOP('',(#218,#219,#220,#221));
#1768=EDGE_LOOP('',(#222,#223,#224,#225));
#1769=EDGE_LOOP('',(#226,#227,#228,#229));
#1770=EDGE_LOOP('',(#230,#231,#232,#233));
#1771=EDGE_LOOP('',(#234,#235,#236,#237));
#1772=EDGE_LOOP('',(#238,#239,#240,#241));
#1773=EDGE_LOOP('',(#242,#243,#244,#245));
#1774=EDGE_LOOP('',(#246,#247,#248,#249));
#1775=EDGE_LOOP('',(#250,#251,#252,#253));
#1776=EDGE_LOOP('',(#254,#255,#256,#257,#258,#259,#260,#261,#262));
#1777=EDGE_LOOP('',(#263,#264,#265,#266));
#1778=EDGE_LOOP('',(#267,#268,#269,#270));
#1779=EDGE_LOOP('',(#271,#272,#273,#274));
#1780=EDGE_LOOP('',(#275,#276,#277,#278));
#1781=EDGE_LOOP('',(#279,#280,#281,#282,#283,#284,#285,#286,#287,#288,#289,
#290,#291,#292,#293));
#1782=EDGE_LOOP('',(#294,#295,#296,#297));
#1783=EDGE_LOOP('',(#298,#299,#300,#301,#302,#303,#304,#305));
#1784=EDGE_LOOP('',(#306));
#1785=EDGE_LOOP('',(#307,#308,#309,#310,#311,#312,#313,#314,#315,#316,#317,
#318,#319,#320,#321));
#1786=EDGE_LOOP('',(#322,#323,#324,#325));
#1787=EDGE_LOOP('',(#326,#327,#328,#329));
#1788=EDGE_LOOP('',(#330,#331,#332,#333));
#1789=EDGE_LOOP('',(#334,#335,#336,#337));
#1790=EDGE_LOOP('',(#338,#339,#340,#341));
#1791=EDGE_LOOP('',(#342,#343,#344,#345));
#1792=EDGE_LOOP('',(#346,#347,#348,#349));
#1793=EDGE_LOOP('',(#350,#351,#352,#353));
#1794=EDGE_LOOP('',(#354,#355,#356,#357));
#1795=EDGE_LOOP('',(#358,#359,#360,#361));
#1796=EDGE_LOOP('',(#362,#363,#364,#365));
#1797=EDGE_LOOP('',(#366,#367,#368,#369));
#1798=EDGE_LOOP('',(#370,#371,#372,#373));
#1799=EDGE_LOOP('',(#374,#375,#376,#377));
#1800=EDGE_LOOP('',(#378,#379,#380,#381));
#1801=EDGE_LOOP('',(#382,#383,#384,#385));
#1802=EDGE_LOOP('',(#386,#387,#388,#389));
#1803=EDGE_LOOP('',(#390,#391,#392,#393));
#1804=EDGE_LOOP('',(#394,#395,#396,#397));
#1805=EDGE_LOOP('',(#398,#399,#400,#401,#402,#403,#404,#405));
#1806=EDGE_LOOP('',(#406,#407,#408,#409,#410,#411,#412,#413));
#1807=EDGE_LOOP('',(#414,#415,#416,#417,#418,#419));
#1808=EDGE_LOOP('',(#420,#421,#422,#423));
#1809=EDGE_LOOP('',(#424));
#1810=EDGE_LOOP('',(#425,#426,#427,#428));
#1811=EDGE_LOOP('',(#429,#430,#431,#432));
#1812=EDGE_LOOP('',(#433,#434,#435,#436));
#1813=EDGE_LOOP('',(#437,#438,#439,#440,#441,#442));
#1814=EDGE_LOOP('',(#443,#444,#445,#446));
#1815=EDGE_LOOP('',(#447,#448,#449,#450));
#1816=EDGE_LOOP('',(#451,#452,#453,#454));
#1817=EDGE_LOOP('',(#455,#456,#457,#458,#459,#460));
#1818=EDGE_LOOP('',(#461,#462,#463,#464));
#1819=EDGE_LOOP('',(#465,#466,#467,#468));
#1820=EDGE_LOOP('',(#469,#470,#471,#472));
#1821=EDGE_LOOP('',(#473,#474,#475,#476));
#1822=EDGE_LOOP('',(#477,#478,#479,#480));
#1823=EDGE_LOOP('',(#481,#482,#483,#484,#485,#486,#487,#488,#489,#490,#491,
#492));
#1824=EDGE_LOOP('',(#493,#494,#495,#496));
#1825=EDGE_LOOP('',(#497,#498,#499,#500));
#1826=EDGE_LOOP('',(#501,#502,#503,#504,#505,#506,#507,#508));
#1827=EDGE_LOOP('',(#509,#510,#511,#512));
#1828=EDGE_LOOP('',(#513,#514,#515,#516));
#1829=EDGE_LOOP('',(#517,#518,#519,#520));
#1830=EDGE_LOOP('',(#521,#522,#523,#524));
#1831=EDGE_LOOP('',(#525,#526,#527,#528));
#1832=EDGE_LOOP('',(#529,#530,#531,#532));
#1833=EDGE_LOOP('',(#533,#534,#535,#536));
#1834=EDGE_LOOP('',(#537,#538,#539,#540));
#1835=EDGE_LOOP('',(#541,#542,#543,#544,#545,#546));
#1836=EDGE_LOOP('',(#547,#548,#549,#550));
#1837=EDGE_LOOP('',(#551,#552,#553,#554));
#1838=EDGE_LOOP('',(#555,#556,#557,#558));
#1839=EDGE_LOOP('',(#559,#560,#561,#562));
#1840=EDGE_LOOP('',(#563,#564,#565,#566));
#1841=EDGE_LOOP('',(#567,#568,#569,#570,#571,#572));
#1842=EDGE_LOOP('',(#573,#574,#575,#576));
#1843=EDGE_LOOP('',(#577,#578,#579,#580));
#1844=EDGE_LOOP('',(#581,#582,#583,#584));
#1845=EDGE_LOOP('',(#585,#586,#587,#588));
#1846=EDGE_LOOP('',(#589,#590,#591,#592));
#1847=EDGE_LOOP('',(#593,#594,#595,#596));
#1848=EDGE_LOOP('',(#597,#598,#599,#600));
#1849=EDGE_LOOP('',(#601,#602,#603,#604));
#1850=EDGE_LOOP('',(#605,#606,#607,#608));
#1851=EDGE_LOOP('',(#609,#610,#611,#612));
#1852=EDGE_LOOP('',(#613,#614,#615,#616));
#1853=EDGE_LOOP('',(#617,#618,#619,#620));
#1854=EDGE_LOOP('',(#621,#622,#623,#624));
#1855=EDGE_LOOP('',(#625,#626,#627,#628,#629,#630,#631,#632));
#1856=EDGE_LOOP('',(#633,#634,#635,#636));
#1857=EDGE_LOOP('',(#637,#638,#639,#640,#641,#642,#643,#644,#645,#646,#647,
#648));
#1858=EDGE_LOOP('',(#649,#650,#651,#652));
#1859=EDGE_LOOP('',(#653,#654,#655,#656));
#1860=EDGE_LOOP('',(#657,#658,#659,#660));
#1861=EDGE_LOOP('',(#661,#662,#663,#664));
#1862=EDGE_LOOP('',(#665,#666,#667,#668));
#1863=EDGE_LOOP('',(#669,#670,#671,#672));
#1864=EDGE_LOOP('',(#673,#674,#675,#676));
#1865=EDGE_LOOP('',(#677,#678,#679,#680,#681,#682,#683,#684,#685,#686,#687,
#688));
#1866=EDGE_LOOP('',(#689,#690,#691,#692));
#1867=EDGE_LOOP('',(#693,#694,#695,#696));
#1868=EDGE_LOOP('',(#697,#698,#699,#700));
#1869=EDGE_LOOP('',(#701,#702,#703,#704,#705,#706,#707,#708));
#1870=EDGE_LOOP('',(#709,#710,#711,#712));
#1871=EDGE_LOOP('',(#713,#714,#715,#716));
#1872=EDGE_LOOP('',(#717,#718,#719,#720));
#1873=FACE_BOUND('',#1748,.T.);
#1874=FACE_BOUND('',#1749,.T.);
#1875=FACE_BOUND('',#1750,.T.);
#1876=FACE_BOUND('',#1751,.T.);
#1877=FACE_BOUND('',#1752,.T.);
#1878=FACE_BOUND('',#1753,.T.);
#1879=FACE_BOUND('',#1754,.T.);
#1880=FACE_BOUND('',#1755,.T.);
#1881=FACE_BOUND('',#1756,.T.);
#1882=FACE_BOUND('',#1757,.T.);
#1883=FACE_BOUND('',#1758,.T.);
#1884=FACE_BOUND('',#1759,.T.);
#1885=FACE_BOUND('',#1760,.T.);
#1886=FACE_BOUND('',#1761,.T.);
#1887=FACE_BOUND('',#1762,.T.);
#1888=FACE_BOUND('',#1763,.T.);
#1889=FACE_BOUND('',#1764,.T.);
#1890=FACE_BOUND('',#1765,.T.);
#1891=FACE_BOUND('',#1766,.T.);
#1892=FACE_BOUND('',#1767,.T.);
#1893=FACE_BOUND('',#1768,.T.);
#1894=FACE_BOUND('',#1769,.T.);
#1895=FACE_BOUND('',#1770,.T.);
#1896=FACE_BOUND('',#1771,.T.);
#1897=FACE_BOUND('',#1772,.T.);
#1898=FACE_BOUND('',#1773,.T.);
#1899=FACE_BOUND('',#1774,.T.);
#1900=FACE_BOUND('',#1775,.T.);
#1901=FACE_BOUND('',#1776,.T.);
#1902=FACE_BOUND('',#1777,.T.);
#1903=FACE_BOUND('',#1778,.T.);
#1904=FACE_BOUND('',#1779,.T.);
#1905=FACE_BOUND('',#1780,.T.);
#1906=FACE_BOUND('',#1781,.T.);
#1907=FACE_BOUND('',#1782,.T.);
#1908=FACE_BOUND('',#1783,.T.);
#1909=FACE_BOUND('',#1784,.T.);
#1910=FACE_BOUND('',#1785,.T.);
#1911=FACE_BOUND('',#1786,.T.);
#1912=FACE_BOUND('',#1787,.T.);
#1913=FACE_BOUND('',#1788,.T.);
#1914=FACE_BOUND('',#1789,.T.);
#1915=FACE_BOUND('',#1790,.T.);
#1916=FACE_BOUND('',#1791,.T.);
#1917=FACE_BOUND('',#1792,.T.);
#1918=FACE_BOUND('',#1793,.T.);
#1919=FACE_BOUND('',#1794,.T.);
#1920=FACE_BOUND('',#1795,.T.);
#1921=FACE_BOUND('',#1796,.T.);
#1922=FACE_BOUND('',#1797,.T.);
#1923=FACE_BOUND('',#1798,.T.);
#1924=FACE_BOUND('',#1799,.T.);
#1925=FACE_BOUND('',#1800,.T.);
#1926=FACE_BOUND('',#1801,.T.);
#1927=FACE_BOUND('',#1802,.T.);
#1928=FACE_BOUND('',#1803,.T.);
#1929=FACE_BOUND('',#1804,.T.);
#1930=FACE_BOUND('',#1805,.T.);
#1931=FACE_BOUND('',#1806,.T.);
#1932=FACE_BOUND('',#1807,.T.);
#1933=FACE_BOUND('',#1808,.T.);
#1934=FACE_BOUND('',#1809,.T.);
#1935=FACE_BOUND('',#1810,.T.);
#1936=FACE_BOUND('',#1811,.T.);
#1937=FACE_BOUND('',#1812,.T.);
#1938=FACE_BOUND('',#1813,.T.);
#1939=FACE_BOUND('',#1814,.T.);
#1940=FACE_BOUND('',#1815,.T.);
#1941=FACE_BOUND('',#1816,.T.);
#1942=FACE_BOUND('',#1817,.T.);
#1943=FACE_BOUND('',#1818,.T.);
#1944=FACE_BOUND('',#1819,.T.);
#1945=FACE_BOUND('',#1820,.T.);
#1946=FACE_BOUND('',#1821,.T.);
#1947=FACE_BOUND('',#1822,.T.);
#1948=FACE_BOUND('',#1823,.T.);
#1949=FACE_BOUND('',#1824,.T.);
#1950=FACE_BOUND('',#1825,.T.);
#1951=FACE_BOUND('',#1826,.T.);
#1952=FACE_BOUND('',#1827,.T.);
#1953=FACE_BOUND('',#1828,.T.);
#1954=FACE_BOUND('',#1829,.T.);
#1955=FACE_BOUND('',#1830,.T.);
#1956=FACE_BOUND('',#1831,.T.);
#1957=FACE_BOUND('',#1832,.T.);
#1958=FACE_BOUND('',#1833,.T.);
#1959=FACE_BOUND('',#1834,.T.);
#1960=FACE_BOUND('',#1835,.T.);
#1961=FACE_BOUND('',#1836,.T.);
#1962=FACE_BOUND('',#1837,.T.);
#1963=FACE_BOUND('',#1838,.T.);
#1964=FACE_BOUND('',#1839,.T.);
#1965=FACE_BOUND('',#1840,.T.);
#1966=FACE_BOUND('',#1841,.T.);
#1967=FACE_BOUND('',#1842,.T.);
#1968=FACE_BOUND('',#1843,.T.);
#1969=FACE_BOUND('',#1844,.T.);
#1970=FACE_BOUND('',#1845,.T.);
#1971=FACE_BOUND('',#1846,.T.);
#1972=FACE_BOUND('',#1847,.T.);
#1973=FACE_BOUND('',#1848,.T.);
#1974=FACE_BOUND('',#1849,.T.);
#1975=FACE_BOUND('',#1850,.T.);
#1976=FACE_BOUND('',#1851,.T.);
#1977=FACE_BOUND('',#1852,.T.);
#1978=FACE_BOUND('',#1853,.T.);
#1979=FACE_BOUND('',#1854,.T.);
#1980=FACE_BOUND('',#1855,.T.);
#1981=FACE_BOUND('',#1856,.T.);
#1982=FACE_BOUND('',#1857,.T.);
#1983=FACE_BOUND('',#1858,.T.);
#1984=FACE_BOUND('',#1859,.T.);
#1985=FACE_BOUND('',#1860,.T.);
#1986=FACE_BOUND('',#1861,.T.);
#1987=FACE_BOUND('',#1862,.T.);
#1988=FACE_BOUND('',#1863,.T.);
#1989=FACE_BOUND('',#1864,.T.);
#1990=FACE_BOUND('',#1865,.T.);
#1991=FACE_BOUND('',#1866,.T.);
#1992=FACE_BOUND('',#1867,.T.);
#1993=FACE_BOUND('',#1868,.T.);
#1994=FACE_BOUND('',#1869,.T.);
#1995=FACE_BOUND('',#1870,.T.);
#1996=FACE_BOUND('',#1871,.T.);
#1997=FACE_BOUND('',#1872,.T.);
#1998=PLANE('',#2223);
#1999=PLANE('',#2227);
#2000=PLANE('',#2233);
#2001=PLANE('',#2238);
#2002=PLANE('',#2239);
#2003=PLANE('',#2245);
#2004=PLANE('',#2252);
#2005=PLANE('',#2253);
#2006=PLANE('',#2254);
#2007=PLANE('',#2255);
#2008=PLANE('',#2256);
#2009=PLANE('',#2257);
#2010=PLANE('',#2258);
#2011=PLANE('',#2259);
#2012=PLANE('',#2260);
#2013=PLANE('',#2261);
#2014=PLANE('',#2267);
#2015=PLANE('',#2268);
#2016=PLANE('',#2269);
#2017=PLANE('',#2270);
#2018=PLANE('',#2271);
#2019=PLANE('',#2278);
#2020=PLANE('',#2289);
#2021=PLANE('',#2290);
#2022=PLANE('',#2291);
#2023=PLANE('',#2292);
#2024=PLANE('',#2293);
#2025=PLANE('',#2294);
#2026=PLANE('',#2295);
#2027=PLANE('',#2303);
#2028=PLANE('',#2304);
#2029=PLANE('',#2305);
#2030=PLANE('',#2306);
#2031=PLANE('',#2307);
#2032=PLANE('',#2308);
#2033=PLANE('',#2309);
#2034=PLANE('',#2314);
#2035=PLANE('',#2316);
#2036=PLANE('',#2319);
#2037=PLANE('',#2322);
#2038=PLANE('',#2323);
#2039=PLANE('',#2324);
#2040=PLANE('',#2325);
#2041=PLANE('',#2326);
#2042=PLANE('',#2327);
#2043=PLANE('',#2328);
#2044=PLANE('',#2329);
#2045=PLANE('',#2331);
#2046=PLANE('',#2332);
#2047=PLANE('',#2334);
#2048=PLANE('',#2338);
#2049=PLANE('',#2339);
#2050=PLANE('',#2340);
#2051=PLANE('',#2343);
#2052=PLANE('',#2344);
#2053=PLANE('',#2347);
#2054=PLANE('',#2350);
#2055=PLANE('',#2351);
#2056=PLANE('',#2352);
#2057=PLANE('',#2353);
#2058=PLANE('',#2354);
#2059=PLANE('',#2355);
#2060=PLANE('',#2356);
#2061=PLANE('',#2357);
#2062=PLANE('',#2358);
#2063=PLANE('',#2359);
#2064=PLANE('',#2360);
#2065=PLANE('',#2361);
#2066=PLANE('',#2362);
#2067=PLANE('',#2363);
#2068=PLANE('',#2364);
#2069=PLANE('',#2365);
#2070=PLANE('',#2372);
#2071=PLANE('',#2373);
#2072=PLANE('',#2374);
#2073=PLANE('',#2375);
#2074=PLANE('',#2379);
#2075=PLANE('',#2380);
#2076=PLANE('',#2381);
#2077=PLANE('',#2382);
#2078=PLANE('',#2383);
#2079=PLANE('',#2384);
#2080=PLANE('',#2385);
#2081=PLANE('',#2386);
#2082=PLANE('',#2387);
#2083=PLANE('',#2388);
#2084=PLANE('',#2389);
#2085=PLANE('',#2390);
#2086=ADVANCED_FACE('',(#1873),#1998,.T.);
#2087=ADVANCED_FACE('',(#1874,#1875,#1876),#1999,.F.);
#2088=ADVANCED_FACE('',(#1877),#18,.F.);
#2089=ADVANCED_FACE('',(#1878,#1879,#1880,#1881,#1882),#2000,.T.);
#2090=ADVANCED_FACE('',(#1883),#2001,.T.);
#2091=ADVANCED_FACE('',(#1884),#2002,.F.);
#2092=ADVANCED_FACE('',(#1885),#19,.F.);
#2093=ADVANCED_FACE('',(#1886),#2003,.F.);
#2094=ADVANCED_FACE('',(#1887),#20,.T.);
#2095=ADVANCED_FACE('',(#1888),#21,.T.);
#2096=ADVANCED_FACE('',(#1889),#2004,.F.);
#2097=ADVANCED_FACE('',(#1890),#2005,.F.);
#2098=ADVANCED_FACE('',(#1891),#2006,.T.);
#2099=ADVANCED_FACE('',(#1892),#2007,.T.);
#2100=ADVANCED_FACE('',(#1893,#1894,#1895),#2008,.T.);
#2101=ADVANCED_FACE('',(#1896),#2009,.T.);
#2102=ADVANCED_FACE('',(#1897),#2010,.F.);
#2103=ADVANCED_FACE('',(#1898),#2011,.F.);
#2104=ADVANCED_FACE('',(#1899),#2012,.T.);
#2105=ADVANCED_FACE('',(#1900),#2013,.T.);
#2106=ADVANCED_FACE('',(#1901),#22,.T.);
#2107=ADVANCED_FACE('',(#1902),#2014,.T.);
#2108=ADVANCED_FACE('',(#1903),#2015,.T.);
#2109=ADVANCED_FACE('',(#1904),#2016,.F.);
#2110=ADVANCED_FACE('',(#1905),#2017,.F.);
#2111=ADVANCED_FACE('',(#1906),#2018,.F.);
#2112=ADVANCED_FACE('',(#1907),#23,.F.);
#2113=ADVANCED_FACE('',(#1908,#1909,#1910),#2019,.F.);
#2114=ADVANCED_FACE('',(#1911),#2020,.T.);
#2115=ADVANCED_FACE('',(#1912),#2021,.T.);
#2116=ADVANCED_FACE('',(#1913),#2022,.T.);
#2117=ADVANCED_FACE('',(#1914),#2023,.T.);
#2118=ADVANCED_FACE('',(#1915),#2024,.F.);
#2119=ADVANCED_FACE('',(#1916),#2025,.F.);
#2120=ADVANCED_FACE('',(#1917,#1918),#2026,.T.);
#2121=ADVANCED_FACE('',(#1919),#24,.T.);
#2122=ADVANCED_FACE('',(#1920),#25,.T.);
#2123=ADVANCED_FACE('',(#1921),#26,.T.);
#2124=ADVANCED_FACE('',(#1922),#27,.T.);
#2125=ADVANCED_FACE('',(#1923),#28,.T.);
#2126=ADVANCED_FACE('',(#1924),#2027,.F.);
#2127=ADVANCED_FACE('',(#1925),#2028,.T.);
#2128=ADVANCED_FACE('',(#1926),#2029,.T.);
#2129=ADVANCED_FACE('',(#1927),#2030,.F.);
#2130=ADVANCED_FACE('',(#1928,#1929),#2031,.T.);
#2131=ADVANCED_FACE('',(#1930),#2032,.T.);
#2132=ADVANCED_FACE('',(#1931),#2033,.F.);
#2133=ADVANCED_FACE('',(#1932),#29,.F.);
#2134=ADVANCED_FACE('',(#1933,#1934),#30,.F.);
#2135=ADVANCED_FACE('',(#1935),#31,.F.);
#2136=ADVANCED_FACE('',(#1936),#2034,.F.);
#2137=ADVANCED_FACE('',(#1937),#32,.F.);
#2138=ADVANCED_FACE('',(#1938),#2035,.T.);
#2139=ADVANCED_FACE('',(#1939),#33,.F.);
#2140=ADVANCED_FACE('',(#1940),#2036,.T.);
#2141=ADVANCED_FACE('',(#1941),#34,.F.);
#2142=ADVANCED_FACE('',(#1942),#2037,.T.);
#2143=ADVANCED_FACE('',(#1943),#2038,.F.);
#2144=ADVANCED_FACE('',(#1944),#2039,.F.);
#2145=ADVANCED_FACE('',(#1945),#2040,.F.);
#2146=ADVANCED_FACE('',(#1946),#2041,.T.);
#2147=ADVANCED_FACE('',(#1947),#2042,.F.);
#2148=ADVANCED_FACE('',(#1948),#2043,.F.);
#2149=ADVANCED_FACE('',(#1949),#2044,.F.);
#2150=ADVANCED_FACE('',(#1950),#2045,.F.);
#2151=ADVANCED_FACE('',(#1951),#2046,.T.);
#2152=ADVANCED_FACE('',(#1952),#2047,.T.);
#2153=ADVANCED_FACE('',(#1953),#35,.T.);
#2154=ADVANCED_FACE('',(#1954),#36,.F.);
#2155=ADVANCED_FACE('',(#1955),#2048,.F.);
#2156=ADVANCED_FACE('',(#1956),#2049,.T.);
#2157=ADVANCED_FACE('',(#1957),#2050,.T.);
#2158=ADVANCED_FACE('',(#1958),#37,.T.);
#2159=ADVANCED_FACE('',(#1959),#2051,.T.);
#2160=ADVANCED_FACE('',(#1960),#2052,.T.);
#2161=ADVANCED_FACE('',(#1961),#38,.F.);
#2162=ADVANCED_FACE('',(#1962),#2053,.T.);
#2163=ADVANCED_FACE('',(#1963),#39,.T.);
#2164=ADVANCED_FACE('',(#1964),#2054,.T.);
#2165=ADVANCED_FACE('',(#1965),#2055,.F.);
#2166=ADVANCED_FACE('',(#1966),#2056,.T.);
#2167=ADVANCED_FACE('',(#1967),#2057,.T.);
#2168=ADVANCED_FACE('',(#1968),#2058,.F.);
#2169=ADVANCED_FACE('',(#1969),#2059,.T.);
#2170=ADVANCED_FACE('',(#1970),#2060,.F.);
#2171=ADVANCED_FACE('',(#1971),#2061,.T.);
#2172=ADVANCED_FACE('',(#1972),#2062,.F.);
#2173=ADVANCED_FACE('',(#1973),#2063,.T.);
#2174=ADVANCED_FACE('',(#1974),#2064,.T.);
#2175=ADVANCED_FACE('',(#1975),#2065,.T.);
#2176=ADVANCED_FACE('',(#1976),#2066,.F.);
#2177=ADVANCED_FACE('',(#1977),#2067,.F.);
#2178=ADVANCED_FACE('',(#1978),#2068,.T.);
#2179=ADVANCED_FACE('',(#1979),#2069,.T.);
#2180=ADVANCED_FACE('',(#1980),#40,.T.);
#2181=ADVANCED_FACE('',(#1981),#2070,.T.);
#2182=ADVANCED_FACE('',(#1982),#2071,.F.);
#2183=ADVANCED_FACE('',(#1983),#2072,.T.);
#2184=ADVANCED_FACE('',(#1984),#2073,.T.);
#2185=ADVANCED_FACE('',(#1985),#41,.F.);
#2186=ADVANCED_FACE('',(#1986),#2074,.T.);
#2187=ADVANCED_FACE('',(#1987),#2075,.T.);
#2188=ADVANCED_FACE('',(#1988),#2076,.T.);
#2189=ADVANCED_FACE('',(#1989),#2077,.F.);
#2190=ADVANCED_FACE('',(#1990),#2078,.F.);
#2191=ADVANCED_FACE('',(#1991),#2079,.F.);
#2192=ADVANCED_FACE('',(#1992),#2080,.T.);
#2193=ADVANCED_FACE('',(#1993),#2081,.F.);
#2194=ADVANCED_FACE('',(#1994),#2082,.F.);
#2195=ADVANCED_FACE('',(#1995),#2083,.T.);
#2196=ADVANCED_FACE('',(#1996),#2084,.F.);
#2197=ADVANCED_FACE('',(#1997),#2085,.T.);
#2198=CLOSED_SHELL('',(#2086,#2087,#2088,#2089,#2090,#2091,#2092,#2093,
#2094,#2095,#2096,#2097,#2098,#2099,#2100,#2101,#2102,#2103,#2104,#2105,
#2106,#2107,#2108,#2109,#2110,#2111,#2112,#2113,#2114,#2115,#2116,#2117,
#2118,#2119,#2120,#2121,#2122,#2123,#2124,#2125,#2126,#2127,#2128,#2129,
#2130,#2131,#2132,#2133,#2134,#2135,#2136,#2137,#2138,#2139,#2140,#2141,
#2142,#2143,#2144,#2145,#2146,#2147,#2148,#2149,#2150,#2151,#2152,#2153,
#2154,#2155,#2156,#2157,#2158,#2159,#2160,#2161,#2162,#2163,#2164,#2165,
#2166,#2167,#2168,#2169,#2170,#2171,#2172,#2173,#2174,#2175,#2176,#2177,
#2178,#2179));
#2199=CLOSED_SHELL('',(#2180,#2181,#2182,#2183,#2184,#2185,#2186,#2187,
#2188,#2189,#2190,#2191,#2192,#2193,#2194,#2195,#2196,#2197));
#2200=STYLED_ITEM('',(#2202),#2216);
#2201=STYLED_ITEM('',(#2203),#2217);
#2202=PRESENTATION_STYLE_ASSIGNMENT((#2204));
#2203=PRESENTATION_STYLE_ASSIGNMENT((#2205));
#2204=SURFACE_STYLE_USAGE(.BOTH.,#2206);
#2205=SURFACE_STYLE_USAGE(.BOTH.,#2207);
#2206=SURFACE_SIDE_STYLE('',(#2208));
#2207=SURFACE_SIDE_STYLE('',(#2209));
#2208=SURFACE_STYLE_FILL_AREA(#2210);
#2209=SURFACE_STYLE_FILL_AREA(#2211);
#2210=FILL_AREA_STYLE('',(#2212));
#2211=FILL_AREA_STYLE('',(#2213));
#2212=FILL_AREA_STYLE_COLOUR('',#2214);
#2213=FILL_AREA_STYLE_COLOUR('',#2215);
#2214=COLOUR_RGB('',0.615686274509804,0.811764705882353,0.929411764705882);
#2215=COLOUR_RGB('',0.647058823529412,0.647058823529412,0.647058823529412);
#2216=MANIFOLD_SOLID_BREP('Part 1',#2198);
#2217=MANIFOLD_SOLID_BREP('Part 2',#2199);
#2218=SHAPE_DEFINITION_REPRESENTATION(#3645,#2220);
#2219=SHAPE_DEFINITION_REPRESENTATION(#3646,#2221);
#2220=SHAPE_REPRESENTATION('Part 1',(#2222),#3635);
#2221=SHAPE_REPRESENTATION('Part 2',(#2366),#3636);
#2222=AXIS2_PLACEMENT_3D('',#2982,#2391,#2392);
#2223=AXIS2_PLACEMENT_3D('',#2983,#2393,#2394);
#2224=AXIS2_PLACEMENT_3D('',#2999,#2402,#2403);
#2225=AXIS2_PLACEMENT_3D('',#3005,#2406,#2407);
#2226=AXIS2_PLACEMENT_3D('',#3009,#2409,#2410);
#2227=AXIS2_PLACEMENT_3D('',#3024,#2418,#2419);
#2228=AXIS2_PLACEMENT_3D('',#3038,#2426,#2427);
#2229=AXIS2_PLACEMENT_3D('',#3048,#2433,#2434);
#2230=AXIS2_PLACEMENT_3D('',#3059,#2440,#2441);
#2231=AXIS2_PLACEMENT_3D('',#3062,#2443,#2444);
#2232=AXIS2_PLACEMENT_3D('',#3067,#2447,#2448);
#2233=AXIS2_PLACEMENT_3D('',#3070,#2450,#2451);
#2234=AXIS2_PLACEMENT_3D('',#3071,#2452,#2453);
#2235=AXIS2_PLACEMENT_3D('',#3076,#2455,#2456);
#2236=AXIS2_PLACEMENT_3D('',#3111,#2475,#2476);
#2237=AXIS2_PLACEMENT_3D('',#3115,#2478,#2479);
#2238=AXIS2_PLACEMENT_3D('',#3126,#2485,#2486);
#2239=AXIS2_PLACEMENT_3D('',#3135,#2491,#2492);
#2240=AXIS2_PLACEMENT_3D('',#3144,#2497,#2498);
#2241=AXIS2_PLACEMENT_3D('',#3158,#2499,#2500);
#2242=AXIS2_PLACEMENT_3D('',#3162,#2502,#2503);
#2243=AXIS2_PLACEMENT_3D('',#3166,#2505,#2506);
#2244=AXIS2_PLACEMENT_3D('',#3170,#2508,#2509);
#2245=AXIS2_PLACEMENT_3D('',#3171,#2510,#2511);
#2246=AXIS2_PLACEMENT_3D('',#3177,#2515,#2516);
#2247=AXIS2_PLACEMENT_3D('',#3178,#2517,#2518);
#2248=AXIS2_PLACEMENT_3D('',#3182,#2520,#2521);
#2249=AXIS2_PLACEMENT_3D('',#3183,#2522,#2523);
#2250=AXIS2_PLACEMENT_3D('',#3184,#2524,#2525);
#2251=AXIS2_PLACEMENT_3D('',#3185,#2526,#2527);
#2252=AXIS2_PLACEMENT_3D('',#3186,#2528,#2529);
#2253=AXIS2_PLACEMENT_3D('',#3192,#2533,#2534);
#2254=AXIS2_PLACEMENT_3D('',#3196,#2537,#2538);
#2255=AXIS2_PLACEMENT_3D('',#3200,#2541,#2542);
#2256=AXIS2_PLACEMENT_3D('',#3202,#2544,#2545);
#2257=AXIS2_PLACEMENT_3D('',#3227,#2558,#2559);
#2258=AXIS2_PLACEMENT_3D('',#3233,#2563,#2564);
#2259=AXIS2_PLACEMENT_3D('',#3237,#2567,#2568);
#2260=AXIS2_PLACEMENT_3D('',#3241,#2571,#2572);
#2261=AXIS2_PLACEMENT_3D('',#3243,#2574,#2575);
#2262=AXIS2_PLACEMENT_3D('',#3252,#2580,#2581);
#2263=AXIS2_PLACEMENT_3D('',#3253,#2582,#2583);
#2264=AXIS2_PLACEMENT_3D('',#3267,#2584,#2585);
#2265=AXIS2_PLACEMENT_3D('',#3268,#2586,#2587);
#2266=AXIS2_PLACEMENT_3D('',#3269,#2588,#2589);
#2267=AXIS2_PLACEMENT_3D('',#3270,#2590,#2591);
#2268=AXIS2_PLACEMENT_3D('',#3279,#2596,#2597);
#2269=AXIS2_PLACEMENT_3D('',#3285,#2601,#2602);
#2270=AXIS2_PLACEMENT_3D('',#3288,#2605,#2606);
#2271=AXIS2_PLACEMENT_3D('',#3297,#2611,#2612);
#2272=AXIS2_PLACEMENT_3D('',#3298,#2613,#2614);
#2273=AXIS2_PLACEMENT_3D('',#3300,#2615,#2616);
#2274=AXIS2_PLACEMENT_3D('',#3301,#2617,#2618);
#2275=AXIS2_PLACEMENT_3D('',#3302,#2619,#2620);
#2276=AXIS2_PLACEMENT_3D('',#3303,#2621,#2622);
#2277=AXIS2_PLACEMENT_3D('',#3304,#2623,#2624);
#2278=AXIS2_PLACEMENT_3D('',#3307,#2626,#2627);
#2279=AXIS2_PLACEMENT_3D('',#3311,#2629,#2630);
#2280=AXIS2_PLACEMENT_3D('',#3315,#2632,#2633);
#2281=AXIS2_PLACEMENT_3D('',#3319,#2635,#2636);
#2282=AXIS2_PLACEMENT_3D('',#3323,#2638,#2639);
#2283=AXIS2_PLACEMENT_3D('',#3324,#2640,#2641);
#2284=AXIS2_PLACEMENT_3D('',#3326,#2642,#2643);
#2285=AXIS2_PLACEMENT_3D('',#3327,#2644,#2645);
#2286=AXIS2_PLACEMENT_3D('',#3328,#2646,#2647);
#2287=AXIS2_PLACEMENT_3D('',#3329,#2648,#2649);
#2288=AXIS2_PLACEMENT_3D('',#3330,#2650,#2651);
#2289=AXIS2_PLACEMENT_3D('',#3331,#2652,#2653);
#2290=AXIS2_PLACEMENT_3D('',#3332,#2654,#2655);
#2291=AXIS2_PLACEMENT_3D('',#3333,#2656,#2657);
#2292=AXIS2_PLACEMENT_3D('',#3339,#2661,#2662);
#2293=AXIS2_PLACEMENT_3D('',#3343,#2665,#2666);
#2294=AXIS2_PLACEMENT_3D('',#3347,#2669,#2670);
#2295=AXIS2_PLACEMENT_3D('',#3349,#2672,#2673);
#2296=AXIS2_PLACEMENT_3D('',#3350,#2674,#2675);
#2297=AXIS2_PLACEMENT_3D('',#3351,#2676,#2677);
#2298=AXIS2_PLACEMENT_3D('',#3352,#2678,#2679);
#2299=AXIS2_PLACEMENT_3D('',#3353,#2680,#2681);
#2300=AXIS2_PLACEMENT_3D('',#3354,#2682,#2683);
#2301=AXIS2_PLACEMENT_3D('',#3355,#2684,#2685);
#2302=AXIS2_PLACEMENT_3D('',#3356,#2686,#2687);
#2303=AXIS2_PLACEMENT_3D('',#3357,#2688,#2689);
#2304=AXIS2_PLACEMENT_3D('',#3363,#2693,#2694);
#2305=AXIS2_PLACEMENT_3D('',#3367,#2697,#2698);
#2306=AXIS2_PLACEMENT_3D('',#3371,#2701,#2702);
#2307=AXIS2_PLACEMENT_3D('',#3373,#2704,#2705);
#2308=AXIS2_PLACEMENT_3D('',#3374,#2706,#2707);
#2309=AXIS2_PLACEMENT_3D('',#3376,#2709,#2710);
#2310=AXIS2_PLACEMENT_3D('',#3378,#2712,#2713);
#2311=AXIS2_PLACEMENT_3D('',#3379,#2714,#2715);
#2312=AXIS2_PLACEMENT_3D('',#3380,#2716,#2717);
#2313=AXIS2_PLACEMENT_3D('',#3385,#2720,#2721);
#2314=AXIS2_PLACEMENT_3D('',#3388,#2724,#2725);
#2315=AXIS2_PLACEMENT_3D('',#3390,#2727,#2728);
#2316=AXIS2_PLACEMENT_3D('',#3392,#2730,#2731);
#2317=AXIS2_PLACEMENT_3D('',#3398,#2735,#2736);
#2318=AXIS2_PLACEMENT_3D('',#3401,#2738,#2739);
#2319=AXIS2_PLACEMENT_3D('',#3402,#2740,#2741);
#2320=AXIS2_PLACEMENT_3D('',#3406,#2744,#2745);
#2321=AXIS2_PLACEMENT_3D('',#3409,#2747,#2748);
#2322=AXIS2_PLACEMENT_3D('',#3410,#2749,#2750);
#2323=AXIS2_PLACEMENT_3D('',#3414,#2753,#2754);
#2324=AXIS2_PLACEMENT_3D('',#3418,#2757,#2758);
#2325=AXIS2_PLACEMENT_3D('',#3420,#2760,#2761);
#2326=AXIS2_PLACEMENT_3D('',#3424,#2764,#2765);
#2327=AXIS2_PLACEMENT_3D('',#3426,#2767,#2768);
#2328=AXIS2_PLACEMENT_3D('',#3428,#2770,#2771);
#2329=AXIS2_PLACEMENT_3D('',#3429,#2772,#2773);
#2330=AXIS2_PLACEMENT_3D('',#3434,#2776,#2777);
#2331=AXIS2_PLACEMENT_3D('',#3435,#2778,#2779);
#2332=AXIS2_PLACEMENT_3D('',#3439,#2782,#2783);
#2333=AXIS2_PLACEMENT_3D('',#3440,#2784,#2785);
#2334=AXIS2_PLACEMENT_3D('',#3448,#2790,#2791);
#2335=AXIS2_PLACEMENT_3D('',#3450,#2793,#2794);
#2336=AXIS2_PLACEMENT_3D('',#3451,#2795,#2796);
#2337=AXIS2_PLACEMENT_3D('',#3454,#2798,#2799);
#2338=AXIS2_PLACEMENT_3D('',#3457,#2801,#2802);
#2339=AXIS2_PLACEMENT_3D('',#3461,#2805,#2806);
#2340=AXIS2_PLACEMENT_3D('',#3465,#2809,#2810);
#2341=AXIS2_PLACEMENT_3D('',#3469,#2813,#2814);
#2342=AXIS2_PLACEMENT_3D('',#3472,#2816,#2817);
#2343=AXIS2_PLACEMENT_3D('',#3473,#2818,#2819);
#2344=AXIS2_PLACEMENT_3D('',#3475,#2821,#2822);
#2345=AXIS2_PLACEMENT_3D('',#3476,#2823,#2824);
#2346=AXIS2_PLACEMENT_3D('',#3479,#2826,#2827);
#2347=AXIS2_PLACEMENT_3D('',#3482,#2829,#2830);
#2348=AXIS2_PLACEMENT_3D('',#3486,#2833,#2834);
#2349=AXIS2_PLACEMENT_3D('',#3489,#2836,#2837);
#2350=AXIS2_PLACEMENT_3D('',#3490,#2838,#2839);
#2351=AXIS2_PLACEMENT_3D('',#3492,#2841,#2842);
#2352=AXIS2_PLACEMENT_3D('',#3494,#2844,#2845);
#2353=AXIS2_PLACEMENT_3D('',#3495,#2846,#2847);
#2354=AXIS2_PLACEMENT_3D('',#3501,#2851,#2852);
#2355=AXIS2_PLACEMENT_3D('',#3503,#2854,#2855);
#2356=AXIS2_PLACEMENT_3D('',#3505,#2857,#2858);
#2357=AXIS2_PLACEMENT_3D('',#3506,#2859,#2860);
#2358=AXIS2_PLACEMENT_3D('',#3510,#2863,#2864);
#2359=AXIS2_PLACEMENT_3D('',#3514,#2867,#2868);
#2360=AXIS2_PLACEMENT_3D('',#3516,#2870,#2871);
#2361=AXIS2_PLACEMENT_3D('',#3517,#2872,#2873);
#2362=AXIS2_PLACEMENT_3D('',#3523,#2877,#2878);
#2363=AXIS2_PLACEMENT_3D('',#3527,#2881,#2882);
#2364=AXIS2_PLACEMENT_3D('',#3531,#2885,#2886);
#2365=AXIS2_PLACEMENT_3D('',#3533,#2888,#2889);
#2366=AXIS2_PLACEMENT_3D('',#3534,#2890,#2891);
#2367=AXIS2_PLACEMENT_3D('',#3535,#2892,#2893);
#2368=AXIS2_PLACEMENT_3D('',#3536,#2894,#2895);
#2369=AXIS2_PLACEMENT_3D('',#3541,#2897,#2898);
#2370=AXIS2_PLACEMENT_3D('',#3545,#2900,#2901);
#2371=AXIS2_PLACEMENT_3D('',#3549,#2903,#2904);
#2372=AXIS2_PLACEMENT_3D('',#3552,#2906,#2907);
#2373=AXIS2_PLACEMENT_3D('',#3558,#2911,#2912);
#2374=AXIS2_PLACEMENT_3D('',#3580,#2924,#2925);
#2375=AXIS2_PLACEMENT_3D('',#3589,#2930,#2931);
#2376=AXIS2_PLACEMENT_3D('',#3595,#2935,#2936);
#2377=AXIS2_PLACEMENT_3D('',#3596,#2937,#2938);
#2378=AXIS2_PLACEMENT_3D('',#3598,#2939,#2940);
#2379=AXIS2_PLACEMENT_3D('',#3601,#2942,#2943);
#2380=AXIS2_PLACEMENT_3D('',#3607,#2947,#2948);
#2381=AXIS2_PLACEMENT_3D('',#3613,#2952,#2953);
#2382=AXIS2_PLACEMENT_3D('',#3616,#2956,#2957);
#2383=AXIS2_PLACEMENT_3D('',#3619,#2960,#2961);
#2384=AXIS2_PLACEMENT_3D('',#3622,#2964,#2965);
#2385=AXIS2_PLACEMENT_3D('',#3624,#2967,#2968);
#2386=AXIS2_PLACEMENT_3D('',#3626,#2970,#2971);
#2387=AXIS2_PLACEMENT_3D('',#3627,#2972,#2973);
#2388=AXIS2_PLACEMENT_3D('',#3628,#2974,#2975);
#2389=AXIS2_PLACEMENT_3D('',#3630,#2977,#2978);
#2390=AXIS2_PLACEMENT_3D('',#3632,#2980,#2981);
#2391=DIRECTION('',(0.,0.,1.));
#2392=DIRECTION('',(1.,0.,0.));
#2393=DIRECTION('',(-1.,3.2139388160756E-16,-1.54955293804103E-32));
#2394=DIRECTION('',(-3.2139388160756E-16,-1.,0.));
#2395=DIRECTION('',(-3.2139388160756E-16,-1.,4.82135170181342E-17));
#2396=DIRECTION('',(0.,-4.82135170181342E-17,-1.));
#2397=DIRECTION('',(3.2139388160756E-16,1.,-4.82135170181342E-17));
#2398=DIRECTION('',(0.,-4.82135170181342E-17,-1.));
#2399=DIRECTION('',(3.2139388160756E-16,1.,-4.82135170181342E-17));
#2400=DIRECTION('',(-1.54955293804103E-32,4.98016833513405E-48,1.));
#2401=DIRECTION('',(-3.2139388160756E-16,-1.,2.65596332717355E-16));
#2402=DIRECTION('',(-1.,3.2139388160756E-16,-1.54955293804103E-32));
#2403=DIRECTION('',(-3.2139388160756E-16,-1.,0.));
#2404=DIRECTION('',(-3.2139388160756E-16,-1.,-1.86249601930711E-16));
#2405=DIRECTION('',(-1.54955293804103E-32,0.,1.));
#2406=DIRECTION('',(-1.,3.2139388160756E-16,-1.54955293804103E-32));
#2407=DIRECTION('',(-3.2139388160756E-16,-1.,0.));
#2408=DIRECTION('',(3.2139388160756E-16,1.,1.68354374609551E-16));
#2409=DIRECTION('',(-1.,3.2139388160756E-16,-1.54955293804103E-32));
#2410=DIRECTION('',(-3.2139388160756E-16,-1.,0.));
#2411=DIRECTION('',(1.54955293804103E-32,0.,-1.));
#2412=DIRECTION('',(-3.2139388160756E-16,-1.,-1.86249601930711E-16));
#2413=DIRECTION('',(-1.54955293804103E-32,4.98016833513405E-48,1.));
#2414=DIRECTION('',(3.2139388160756E-16,1.,-4.82135170181342E-17));
#2415=DIRECTION('',(0.,-4.82135170181342E-17,-1.));
#2416=DIRECTION('',(3.2139388160756E-16,1.,-4.82135170181342E-17));
#2417=DIRECTION('',(0.,-4.82135170181342E-17,-1.));
#2418=DIRECTION('',(0.,4.82135170181342E-17,1.));
#2419=DIRECTION('',(0.,-1.,4.82135170181342E-17));
#2420=DIRECTION('',(0.,1.,-4.82135170181342E-17));
#2421=DIRECTION('',(-1.,0.,0.));
#2422=DIRECTION('',(0.,1.,-4.82135170181342E-17));
#2423=DIRECTION('',(-1.,0.,0.));
#2424=DIRECTION('',(1.19518349722811E-16,1.,-4.82135170181342E-17));
#2425=DIRECTION('',(1.,-2.80189537811719E-16,1.35089230495885E-32));
#2426=DIRECTION('',(0.,4.82135170181342E-17,1.));
#2427=DIRECTION('',(0.,1.,-4.82135170181342E-17));
#2428=DIRECTION('',(1.,0.,0.));
#2429=DIRECTION('',(1.,-2.80189537811719E-16,1.35089230495885E-32));
#2430=DIRECTION('',(0.,1.,-4.82135170181342E-17));
#2431=DIRECTION('',(1.,-2.80189537811719E-16,1.35089230495885E-32));
#2432=DIRECTION('',(-1.,0.,0.));
#2433=DIRECTION('',(0.,4.82135170181342E-17,1.));
#2434=DIRECTION('',(0.,1.,-4.82135170181342E-17));
#2435=DIRECTION('',(1.,-2.80189537811719E-16,1.35089230495885E-32));
#2436=DIRECTION('',(1.,-1.83874384188941E-16,8.86523075129245E-33));
#2437=DIRECTION('',(0.,1.,-4.82135170181342E-17));
#2438=DIRECTION('',(1.,-1.75118461132324E-16,8.4430769059928E-33));
#2439=DIRECTION('',(0.,1.,-4.82135170181342E-17));
#2440=DIRECTION('',(0.,-4.82135170181342E-17,-1.));
#2441=DIRECTION('',(0.,1.,-4.82135170181342E-17));
#2442=DIRECTION('',(0.,-4.82135170181342E-17,-1.));
#2443=DIRECTION('',(0.,-4.82135170181342E-17,-1.));
#2444=DIRECTION('',(0.,1.,-4.82135170181342E-17));
#2445=DIRECTION('',(0.,-4.82135170181342E-17,-1.));
#2446=DIRECTION('',(0.,-4.82135170181342E-17,-1.));
#2447=DIRECTION('',(0.,4.82135170181342E-17,1.));
#2448=DIRECTION('',(0.,1.,-4.82135170181342E-17));
#2449=DIRECTION('',(0.,-4.82135170181342E-17,-1.));
#2450=DIRECTION('',(0.,-4.82135170181342E-17,-1.));
#2451=DIRECTION('',(1.,0.,0.));
#2452=DIRECTION('',(0.,-4.82135170181342E-17,-1.));
#2453=DIRECTION('',(0.,1.,-4.82135170181342E-17));
#2454=DIRECTION('',(-2.31525300899597E-5,0.99999999973198,-4.8213517005212E-17));
#2455=DIRECTION('',(0.,-4.82135170181342E-17,-1.));
#2456=DIRECTION('',(0.,1.,-4.82135170181342E-17));
#2457=DIRECTION('',(0.,-1.,4.82135170181342E-17));
#2458=DIRECTION('',(1.,0.,0.));
#2459=DIRECTION('',(0.,-1.,4.82135170181342E-17));
#2460=DIRECTION('',(1.,0.,0.));
#2461=DIRECTION('',(0.,1.,-4.82135170181342E-17));
#2462=DIRECTION('',(1.,0.,0.));
#2463=DIRECTION('',(0.,1.,-4.82135170181342E-17));
#2464=DIRECTION('',(1.,0.,0.));
#2465=DIRECTION('',(-1.,0.,0.));
#2466=DIRECTION('',(-1.,3.2139388160756E-16,-1.54955293804103E-32));
#2467=DIRECTION('',(2.22044604925386E-16,1.,-4.82135170181342E-17));
#2468=DIRECTION('',(-1.,3.2139388160756E-16,-1.54955293804103E-32));
#2469=DIRECTION('',(-1.,0.,0.));
#2470=DIRECTION('',(0.,1.,-4.82135170181342E-17));
#2471=DIRECTION('',(-1.,0.,0.));
#2472=DIRECTION('',(0.,1.,-4.82135170181342E-17));
#2473=DIRECTION('',(1.,0.,0.));
#2474=DIRECTION('',(0.,-1.,4.82135170181342E-17));
#2475=DIRECTION('',(0.,-4.82135170181342E-17,-1.));
#2476=DIRECTION('',(0.,1.,-4.82135170181342E-17));
#2477=DIRECTION('',(2.31525300899597E-5,0.99999999973198,-4.8213517005212E-17));
#2478=DIRECTION('',(0.,-4.82135170181342E-17,-1.));
#2479=DIRECTION('',(0.,1.,-4.82135170181342E-17));
#2480=DIRECTION('',(0.,-1.,4.82135170181342E-17));
#2481=DIRECTION('',(1.,0.,0.));
#2482=DIRECTION('',(0.,-1.,4.82135170181342E-17));
#2483=DIRECTION('',(1.,3.13472438401598E-16,-1.51136087435915E-32));
#2484=DIRECTION('',(0.,-1.,4.82135170181342E-17));
#2485=DIRECTION('',(0.,-0.258819045102521,0.965925826289068));
#2486=DIRECTION('',(0.,-0.965925826289068,-0.258819045102521));
#2487=DIRECTION('',(-1.,0.,0.));
#2488=DIRECTION('',(0.,0.965925826289068,0.258819045102521));
#2489=DIRECTION('',(-1.,0.,0.));
#2490=DIRECTION('',(0.,0.965925826289068,0.258819045102521));
#2491=DIRECTION('',(0.,-1.,0.));
#2492=DIRECTION('',(0.,0.,-1.));
#2493=DIRECTION('',(0.,0.,1.));
#2494=DIRECTION('',(-1.,0.,0.));
#2495=DIRECTION('',(0.,0.,1.));
#2496=DIRECTION('',(-1.,0.,0.));
#2497=DIRECTION('',(-1.,0.,0.));
#2498=DIRECTION('',(0.,0.,1.));
#2499=DIRECTION('',(-1.,0.,0.));
#2500=DIRECTION('',(0.,0.,1.));
#2501=DIRECTION('',(-1.,0.,0.));
#2502=DIRECTION('',(1.,0.,0.));
#2503=DIRECTION('',(0.,0.,-1.));
#2504=DIRECTION('',(-1.,0.,0.));
#2505=DIRECTION('',(1.,0.,0.));
#2506=DIRECTION('',(0.,0.,-1.));
#2507=DIRECTION('',(-1.,0.,0.));
#2508=DIRECTION('',(-1.,0.,0.));
#2509=DIRECTION('',(0.,0.,1.));
#2510=DIRECTION('',(0.,-0.258819045102521,0.965925826289068));
#2511=DIRECTION('',(0.,-0.965925826289068,-0.258819045102521));
#2512=DIRECTION('',(0.,0.965925826289068,0.258819045102521));
#2513=DIRECTION('',(-1.,0.,0.));
#2514=DIRECTION('',(0.,0.965925826289068,0.258819045102521));
#2515=DIRECTION('',(-1.,0.,0.));
#2516=DIRECTION('',(0.,0.,1.));
#2517=DIRECTION('',(-1.,0.,0.));
#2518=DIRECTION('',(0.,0.,1.));
#2519=DIRECTION('',(-1.,0.,0.));
#2520=DIRECTION('',(1.,0.,0.));
#2521=DIRECTION('',(0.,0.,-1.));
#2522=DIRECTION('',(1.,0.,0.));
#2523=DIRECTION('',(0.,0.,-1.));
#2524=DIRECTION('',(-1.,0.,0.));
#2525=DIRECTION('',(0.,0.,1.));
#2526=DIRECTION('',(1.,0.,0.));
#2527=DIRECTION('',(0.,0.,-1.));
#2528=DIRECTION('',(0.,-0.975204627560726,-0.221305070850501));
#2529=DIRECTION('',(0.,0.221305070850501,-0.975204627560726));
#2530=DIRECTION('',(1.,0.,0.));
#2531=DIRECTION('',(0.,-0.221305070850501,0.975204627560726));
#2532=DIRECTION('',(0.,-0.221305070850501,0.975204627560726));
#2533=DIRECTION('',(1.,0.,0.));
#2534=DIRECTION('',(0.,0.,-1.));
#2535=DIRECTION('',(0.,0.975204627560726,0.221305070850501));
#2536=DIRECTION('',(0.,-0.221305070850501,0.975204627560726));
#2537=DIRECTION('',(0.,-0.975204627560726,-0.221305070850501));
#2538=DIRECTION('',(0.,0.221305070850501,-0.975204627560726));
#2539=DIRECTION('',(1.,0.,0.));
#2540=DIRECTION('',(0.,-0.221305070850501,0.975204627560726));
#2541=DIRECTION('',(1.,0.,0.));
#2542=DIRECTION('',(0.,0.,-1.));
#2543=DIRECTION('',(0.,0.975204627560726,0.221305070850501));
#2544=DIRECTION('',(0.,-0.221305070850501,0.975204627560726));
#2545=DIRECTION('',(0.,-0.975204627560726,-0.221305070850501));
#2546=DIRECTION('',(0.,0.975204627560726,0.221305070850501));
#2547=DIRECTION('',(1.,0.,0.));
#2548=DIRECTION('',(0.,0.975204627560726,0.221305070850501));
#2549=DIRECTION('',(1.,0.,0.));
#2550=DIRECTION('',(0.,0.975204627560726,0.221305070850501));
#2551=DIRECTION('',(-1.,0.,0.));
#2552=DIRECTION('',(0.,0.975204627560726,0.221305070850501));
#2553=DIRECTION('',(-1.,0.,0.));
#2554=DIRECTION('',(-1.,0.,0.));
#2555=DIRECTION('',(0.,0.975204627560726,0.221305070850501));
#2556=DIRECTION('',(-1.,0.,0.));
#2557=DIRECTION('',(0.,0.975204627560726,0.221305070850501));
#2558=DIRECTION('',(0.,0.975204627560726,0.221305070850501));
#2559=DIRECTION('',(0.,-0.221305070850501,0.975204627560726));
#2560=DIRECTION('',(0.,-0.221305070850501,0.975204627560726));
#2561=DIRECTION('',(-1.,0.,0.));
#2562=DIRECTION('',(0.,-0.221305070850501,0.975204627560726));
#2563=DIRECTION('',(1.,0.,0.));
#2564=DIRECTION('',(0.,0.,-1.));
#2565=DIRECTION('',(0.,0.975204627560726,0.221305070850501));
#2566=DIRECTION('',(0.,-0.221305070850501,0.975204627560726));
#2567=DIRECTION('',(0.,0.975204627560726,0.221305070850501));
#2568=DIRECTION('',(0.,-0.221305070850501,0.975204627560726));
#2569=DIRECTION('',(-1.,0.,0.));
#2570=DIRECTION('',(0.,-0.221305070850501,0.975204627560726));
#2571=DIRECTION('',(1.,0.,0.));
#2572=DIRECTION('',(0.,0.,-1.));
#2573=DIRECTION('',(0.,0.975204627560726,0.221305070850501));
#2574=DIRECTION('',(0.,-0.258819045102521,0.965925826289068));
#2575=DIRECTION('',(0.,-0.965925826289068,-0.258819045102521));
#2576=DIRECTION('',(0.,0.965925826289068,0.258819045102521));
#2577=DIRECTION('',(-1.,0.,0.));
#2578=DIRECTION('',(0.,0.965925826289068,0.258819045102521));
#2579=DIRECTION('',(-1.,0.,0.));
#2580=DIRECTION('',(-1.,0.,0.));
#2581=DIRECTION('',(0.,0.,1.));
#2582=DIRECTION('',(-1.,0.,0.));
#2583=DIRECTION('',(0.,0.,1.));
#2584=DIRECTION('',(-1.,0.,0.));
#2585=DIRECTION('',(0.,0.,1.));
#2586=DIRECTION('',(1.,0.,0.));
#2587=DIRECTION('',(0.,0.,-1.));
#2588=DIRECTION('',(1.,0.,0.));
#2589=DIRECTION('',(0.,0.,-1.));
#2590=DIRECTION('',(0.,1.,0.));
#2591=DIRECTION('',(0.,0.,1.));
#2592=DIRECTION('',(0.,0.,-1.));
#2593=DIRECTION('',(-1.,0.,0.));
#2594=DIRECTION('',(0.,0.,-1.));
#2595=DIRECTION('',(-1.,0.,0.));
#2596=DIRECTION('',(0.,1.01888674202549E-16,1.));
#2597=DIRECTION('',(0.,-1.,1.01888674202549E-16));
#2598=DIRECTION('',(0.,1.,-1.01888674202549E-16));
#2599=DIRECTION('',(-1.,0.,0.));
#2600=DIRECTION('',(0.,1.,-1.01888674202549E-16));
#2601=DIRECTION('',(0.,-0.258819045102521,0.965925826289068));
#2602=DIRECTION('',(0.,-0.965925826289068,-0.258819045102521));
#2603=DIRECTION('',(0.,0.965925826289068,0.258819045102521));
#2604=DIRECTION('',(0.,0.965925826289068,0.258819045102521));
#2605=DIRECTION('',(0.,-1.,0.));
#2606=DIRECTION('',(0.,0.,-1.));
#2607=DIRECTION('',(-1.,0.,0.));
#2608=DIRECTION('',(0.,0.,1.));
#2609=DIRECTION('',(-1.,0.,0.));
#2610=DIRECTION('',(0.,0.,1.));
#2611=DIRECTION('',(1.,0.,0.));
#2612=DIRECTION('',(0.,1.,0.));
#2613=DIRECTION('',(1.,0.,0.));
#2614=DIRECTION('',(0.,0.,-1.));
#2615=DIRECTION('',(1.,0.,0.));
#2616=DIRECTION('',(0.,0.,-1.));
#2617=DIRECTION('',(1.,0.,0.));
#2618=DIRECTION('',(0.,0.,-1.));
#2619=DIRECTION('',(1.,0.,0.));
#2620=DIRECTION('',(0.,0.,-1.));
#2621=DIRECTION('',(1.,0.,0.));
#2622=DIRECTION('',(0.,0.,-1.));
#2623=DIRECTION('',(1.,0.,0.));
#2624=DIRECTION('',(0.,0.,-1.));
#2625=DIRECTION('',(1.,0.,0.));
#2626=DIRECTION('',(-1.,0.,0.));
#2627=DIRECTION('',(0.,1.,0.));
#2628=DIRECTION('',(0.,1.,1.68354374609551E-16));
#2629=DIRECTION('',(1.,0.,0.));
#2630=DIRECTION('',(0.,0.,-1.));
#2631=DIRECTION('',(0.,0.,1.));
#2632=DIRECTION('',(1.,0.,0.));
#2633=DIRECTION('',(0.,0.,-1.));
#2634=DIRECTION('',(0.,1.,1.34683499687641E-16));
#2635=DIRECTION('',(1.,0.,0.));
#2636=DIRECTION('',(0.,0.,-1.));
#2637=DIRECTION('',(0.,0.,-1.));
#2638=DIRECTION('',(1.,0.,0.));
#2639=DIRECTION('',(0.,0.,-1.));
#2640=DIRECTION('',(1.,0.,0.));
#2641=DIRECTION('',(0.,0.,-1.));
#2642=DIRECTION('',(-1.,0.,0.));
#2643=DIRECTION('',(0.,0.,1.));
#2644=DIRECTION('',(-1.,0.,0.));
#2645=DIRECTION('',(0.,0.,1.));
#2646=DIRECTION('',(-1.,0.,0.));
#2647=DIRECTION('',(0.,0.,1.));
#2648=DIRECTION('',(-1.,0.,0.));
#2649=DIRECTION('',(0.,0.,1.));
#2650=DIRECTION('',(-1.,0.,0.));
#2651=DIRECTION('',(0.,0.,1.));
#2652=DIRECTION('',(0.,1.,-4.82135170181342E-17));
#2653=DIRECTION('',(0.,4.82135170181342E-17,1.));
#2654=DIRECTION('',(0.,-1.,4.82135170181342E-17));
#2655=DIRECTION('',(0.,-4.82135170181342E-17,-1.));
#2656=DIRECTION('',(1.,0.,0.));
#2657=DIRECTION('',(0.,0.,-1.));
#2658=DIRECTION('',(0.,-0.221305070850501,0.975204627560726));
#2659=DIRECTION('',(0.,0.975204627560726,0.221305070850501));
#2660=DIRECTION('',(0.,-0.221305070850501,0.975204627560726));
#2661=DIRECTION('',(0.,0.975204627560726,0.221305070850501));
#2662=DIRECTION('',(0.,-0.221305070850501,0.975204627560726));
#2663=DIRECTION('',(0.,-0.221305070850501,0.975204627560726));
#2664=DIRECTION('',(-1.,0.,0.));
#2665=DIRECTION('',(1.,0.,0.));
#2666=DIRECTION('',(0.,0.,-1.));
#2667=DIRECTION('',(0.,-0.221305070850501,0.975204627560726));
#2668=DIRECTION('',(0.,0.975204627560726,0.221305070850501));
#2669=DIRECTION('',(0.,0.975204627560726,0.221305070850501));
#2670=DIRECTION('',(0.,-0.221305070850501,0.975204627560726));
#2671=DIRECTION('',(-1.,0.,0.));
#2672=DIRECTION('',(0.,-0.221305070850501,0.975204627560726));
#2673=DIRECTION('',(1.,0.,0.));
#2674=DIRECTION('',(1.,0.,0.));
#2675=DIRECTION('',(0.,0.,-1.));
#2676=DIRECTION('',(-1.,0.,0.));
#2677=DIRECTION('',(0.,0.,1.));
#2678=DIRECTION('',(-1.,0.,0.));
#2679=DIRECTION('',(0.,0.,1.));
#2680=DIRECTION('',(-1.,0.,0.));
#2681=DIRECTION('',(0.,0.,1.));
#2682=DIRECTION('',(1.,0.,0.));
#2683=DIRECTION('',(0.,0.,-1.));
#2684=DIRECTION('',(-1.,0.,0.));
#2685=DIRECTION('',(0.,0.,1.));
#2686=DIRECTION('',(1.,0.,0.));
#2687=DIRECTION('',(0.,0.,-1.));
#2688=DIRECTION('',(1.,0.,0.));
#2689=DIRECTION('',(0.,0.,-1.));
#2690=DIRECTION('',(0.,-0.221305070850501,0.975204627560726));
#2691=DIRECTION('',(0.,0.975204627560726,0.221305070850501));
#2692=DIRECTION('',(0.,-0.221305070850501,0.975204627560726));
#2693=DIRECTION('',(0.,-0.975204627560726,-0.221305070850501));
#2694=DIRECTION('',(0.,0.221305070850501,-0.975204627560726));
#2695=DIRECTION('',(0.,-0.221305070850501,0.975204627560726));
#2696=DIRECTION('',(1.,0.,0.));
#2697=DIRECTION('',(1.,0.,0.));
#2698=DIRECTION('',(0.,0.,-1.));
#2699=DIRECTION('',(0.,-0.221305070850501,0.975204627560726));
#2700=DIRECTION('',(0.,0.975204627560726,0.221305070850501));
#2701=DIRECTION('',(0.,-0.975204627560726,-0.221305070850501));
#2702=DIRECTION('',(0.,0.221305070850501,-0.975204627560726));
#2703=DIRECTION('',(1.,0.,0.));
#2704=DIRECTION('',(0.,-0.221305070850501,0.975204627560726));
#2705=DIRECTION('',(-1.,0.,0.));
#2706=DIRECTION('',(-1.,0.,0.));
#2707=DIRECTION('',(0.,-1.,0.));
#2708=DIRECTION('',(0.,-0.707106781186548,-0.707106781186548));
#2709=DIRECTION('',(-1.,0.,0.));
#2710=DIRECTION('',(0.,-1.,0.));
#2711=DIRECTION('',(0.,-0.707106781186548,-0.707106781186548));
#2712=DIRECTION('',(0.,-0.707106781186548,-0.707106781186548));
#2713=DIRECTION('',(0.,0.707106781186548,-0.707106781186548));
#2714=DIRECTION('',(1.,0.,0.));
#2715=DIRECTION('',(0.,0.,-1.));
#2716=DIRECTION('',(1.,-2.22044604925386E-16,2.22044604925765E-16));
#2717=DIRECTION('',(2.22044604925765E-16,0.,-1.));
#2718=DIRECTION('',(-1.,3.2139388160756E-16,-1.54955293804103E-32));
#2719=DIRECTION('',(-1.,3.2139388160756E-16,-1.54955293804103E-32));
#2720=DIRECTION('',(1.,0.,0.));
#2721=DIRECTION('',(0.,0.,-1.));
#2722=DIRECTION('',(1.,0.,0.));
#2723=DIRECTION('',(1.,0.,0.));
#2724=DIRECTION('',(0.,1.68354374609551E-16,-1.));
#2725=DIRECTION('',(0.,1.,1.68354374609551E-16));
#2726=DIRECTION('',(1.,0.,0.));
#2727=DIRECTION('',(1.,0.,0.));
#2728=DIRECTION('',(0.,0.,-1.));
#2729=DIRECTION('',(1.,0.,0.));
#2730=DIRECTION('',(0.,-1.,0.));
#2731=DIRECTION('',(0.,0.,-1.));
#2732=DIRECTION('',(-2.22044604925765E-16,0.,1.));
#2733=DIRECTION('',(1.,0.,7.53550118927846E-32));
#2734=DIRECTION('',(1.,0.,0.));
#2735=DIRECTION('',(1.,0.,0.));
#2736=DIRECTION('',(0.,0.,-1.));
#2737=DIRECTION('',(1.,0.,0.));
#2738=DIRECTION('',(1.,-2.22044604925386E-16,2.22044604925765E-16));
#2739=DIRECTION('',(2.22044604925765E-16,0.,-1.));
#2740=DIRECTION('',(0.,1.34683499687641E-16,-1.));
#2741=DIRECTION('',(0.,1.,1.34683499687641E-16));
#2742=DIRECTION('',(-2.22044604925386E-16,-1.,-1.34683499687641E-16));
#2743=DIRECTION('',(1.,0.,0.));
#2744=DIRECTION('',(1.,0.,0.));
#2745=DIRECTION('',(0.,0.,-1.));
#2746=DIRECTION('',(1.,0.,0.));
#2747=DIRECTION('',(1.,-2.22044604925386E-16,2.22044604925765E-16));
#2748=DIRECTION('',(2.22044604925765E-16,0.,-1.));
#2749=DIRECTION('',(0.,1.,0.));
#2750=DIRECTION('',(0.,0.,1.));
#2751=DIRECTION('',(2.22044604925765E-16,0.,-1.));
#2752=DIRECTION('',(-1.,0.,-7.53550118927846E-32));
#2753=DIRECTION('',(7.53550118927846E-32,1.86249601930711E-16,-1.));
#2754=DIRECTION('',(0.,1.,1.86249601930711E-16));
#2755=DIRECTION('',(-2.22044604925386E-16,-1.,-1.86249601930711E-16));
#2756=DIRECTION('',(-1.,3.2139388160756E-16,-1.54955293804103E-32));
#2757=DIRECTION('',(7.53550118927846E-32,1.86249601930711E-16,-1.));
#2758=DIRECTION('',(0.,1.,1.86249601930711E-16));
#2759=DIRECTION('',(-2.22044604925386E-16,-1.,-1.86249601930711E-16));
#2760=DIRECTION('',(-6.98655069323532E-32,-2.65596332717355E-16,-1.));
#2761=DIRECTION('',(0.,1.,-2.65596332717355E-16));
#2762=DIRECTION('',(-1.,3.2139388160756E-16,-1.54955293804103E-32));
#2763=DIRECTION('',(-2.22044604925386E-16,-1.,2.65596332717355E-16));
#2764=DIRECTION('',(-3.2139388160756E-16,-1.,5.84691588928569E-64));
#2765=DIRECTION('',(1.,-3.2139388160756E-16,0.));
#2766=DIRECTION('',(-2.22044604925765E-16,7.13637774671085E-32,1.));
#2767=DIRECTION('',(-3.2139388160756E-16,-1.,5.84691588928569E-64));
#2768=DIRECTION('',(1.,-3.2139388160756E-16,0.));
#2769=DIRECTION('',(-2.22044604925765E-16,7.13637774671085E-32,1.));
#2770=DIRECTION('',(1.,-2.22044604925386E-16,2.22044604925765E-16));
#2771=DIRECTION('',(-2.22044604925766E-16,-2.70258121943178E-16,-1.));
#2772=DIRECTION('',(-3.13472438401598E-16,1.,-4.82135170181342E-17));
#2773=DIRECTION('',(-1.,-3.13472438401598E-16,0.));
#2774=DIRECTION('',(0.,-4.82135170181342E-17,-1.));
#2775=DIRECTION('',(1.,3.13472438401598E-16,-1.51136087435915E-32));
#2776=DIRECTION('',(-3.13472438401598E-16,1.,-4.82135170181342E-17));
#2777=DIRECTION('',(-1.,-3.13472438401598E-16,0.));
#2778=DIRECTION('',(1.,0.,0.));
#2779=DIRECTION('',(0.,0.,-1.));
#2780=DIRECTION('',(0.,-4.82135170181342E-17,-1.));
#2781=DIRECTION('',(0.,-1.,4.82135170181342E-17));
#2782=DIRECTION('',(0.,1.,-4.82135170181342E-17));
#2783=DIRECTION('',(0.,4.82135170181342E-17,1.));
#2784=DIRECTION('',(0.,1.,-4.82135170181342E-17));
#2785=DIRECTION('',(0.,4.82135170181342E-17,1.));
#2786=DIRECTION('',(1.,0.,0.));
#2787=DIRECTION('',(0.,4.82135170181342E-17,1.));
#2788=DIRECTION('',(1.,0.,0.));
#2789=DIRECTION('',(0.,4.82135170181342E-17,1.));
#2790=DIRECTION('',(0.,-4.82135170181342E-17,-1.));
#2791=DIRECTION('',(1.,0.,0.));
#2792=DIRECTION('',(0.,-1.,4.82135170181342E-17));
#2793=DIRECTION('',(0.,-1.,4.82135170181342E-17));
#2794=DIRECTION('',(0.,-4.82135170181342E-17,-1.));
#2795=DIRECTION('',(0.,4.82135170181342E-17,1.));
#2796=DIRECTION('',(0.,-1.,4.82135170181342E-17));
#2797=DIRECTION('',(0.,4.82135170181342E-17,1.));
#2798=DIRECTION('',(0.,-4.82135170181342E-17,-1.));
#2799=DIRECTION('',(0.,1.,-4.82135170181342E-17));
#2800=DIRECTION('',(0.,4.82135170181342E-17,1.));
#2801=DIRECTION('',(-1.,0.,0.));
#2802=DIRECTION('',(0.,0.,1.));
#2803=DIRECTION('',(0.,4.82135170181342E-17,1.));
#2804=DIRECTION('',(0.,-1.,4.82135170181342E-17));
#2805=DIRECTION('',(0.,-1.,4.82135170181342E-17));
#2806=DIRECTION('',(0.,-4.82135170181342E-17,-1.));
#2807=DIRECTION('',(0.,4.82135170181342E-17,1.));
#2808=DIRECTION('',(1.,0.,0.));
#2809=DIRECTION('',(-1.,0.,0.));
#2810=DIRECTION('',(0.,0.,1.));
#2811=DIRECTION('',(0.,4.82135170181342E-17,1.));
#2812=DIRECTION('',(0.,-1.,4.82135170181342E-17));
#2813=DIRECTION('',(0.,4.82135170181342E-17,1.));
#2814=DIRECTION('',(0.,-1.,4.82135170181342E-17));
#2815=DIRECTION('',(0.,4.82135170181342E-17,1.));
#2816=DIRECTION('',(0.,-4.82135170181342E-17,-1.));
#2817=DIRECTION('',(0.,1.,-4.82135170181342E-17));
#2818=DIRECTION('',(0.99999999973198,2.31525300899597E-5,-1.11626490350514E-21));
#2819=DIRECTION('',(-2.31525300899597E-5,0.99999999973198,0.));
#2820=DIRECTION('',(-2.31525300899597E-5,0.99999999973198,-4.8213517005212E-17));
#2821=DIRECTION('',(0.,-4.82135170181342E-17,-1.));
#2822=DIRECTION('',(1.,0.,0.));
#2823=DIRECTION('',(0.,4.82135170181342E-17,1.));
#2824=DIRECTION('',(0.,-1.,4.82135170181342E-17));
#2825=DIRECTION('',(0.,4.82135170181342E-17,1.));
#2826=DIRECTION('',(0.,-4.82135170181342E-17,-1.));
#2827=DIRECTION('',(0.,1.,-4.82135170181342E-17));
#2828=DIRECTION('',(0.,4.82135170181342E-17,1.));
#2829=DIRECTION('',(0.99999999973198,-2.31525300899597E-5,1.11626490350514E-21));
#2830=DIRECTION('',(2.31525300899597E-5,0.99999999973198,0.));
#2831=DIRECTION('',(0.,4.82135170181342E-17,1.));
#2832=DIRECTION('',(2.31525300899597E-5,0.99999999973198,-4.8213517005212E-17));
#2833=DIRECTION('',(0.,4.82135170181342E-17,1.));
#2834=DIRECTION('',(0.,-1.,4.82135170181342E-17));
#2835=DIRECTION('',(0.,4.82135170181342E-17,1.));
#2836=DIRECTION('',(0.,-4.82135170181342E-17,-1.));
#2837=DIRECTION('',(0.,1.,-4.82135170181342E-17));
#2838=DIRECTION('',(-1.,0.,0.));
#2839=DIRECTION('',(0.,0.,1.));
#2840=DIRECTION('',(0.,-1.,4.82135170181342E-17));
#2841=DIRECTION('',(-1.,0.,0.));
#2842=DIRECTION('',(0.,0.,1.));
#2843=DIRECTION('',(0.,-1.,4.82135170181342E-17));
#2844=DIRECTION('',(0.,-4.82135170181342E-17,-1.));
#2845=DIRECTION('',(1.,0.,0.));
#2846=DIRECTION('',(0.,-4.82135170181342E-17,-1.));
#2847=DIRECTION('',(1.,0.,0.));
#2848=DIRECTION('',(1.,-2.80189537811719E-16,1.35089230495885E-32));
#2849=DIRECTION('',(1.19518349722811E-16,1.,-4.82135170181342E-17));
#2850=DIRECTION('',(1.,-2.80189537811719E-16,1.35089230495885E-32));
#2851=DIRECTION('',(2.80189537811719E-16,1.,-4.82135170181342E-17));
#2852=DIRECTION('',(-1.,2.80189537811719E-16,0.));
#2853=DIRECTION('',(0.,-4.82135170181342E-17,-1.));
#2854=DIRECTION('',(2.80189537811719E-16,1.,-4.82135170181342E-17));
#2855=DIRECTION('',(-1.,2.80189537811719E-16,0.));
#2856=DIRECTION('',(0.,-4.82135170181342E-17,-1.));
#2857=DIRECTION('',(-1.,1.19518349722811E-16,-5.76239998834008E-33));
#2858=DIRECTION('',(-1.19518349722811E-16,-1.,0.));
#2859=DIRECTION('',(2.80189537811719E-16,1.,-4.82135170181342E-17));
#2860=DIRECTION('',(-1.,2.80189537811719E-16,0.));
#2861=DIRECTION('',(1.,-2.80189537811719E-16,1.35089230495885E-32));
#2862=DIRECTION('',(0.,-4.82135170181342E-17,-1.));
#2863=DIRECTION('',(2.80189537811719E-16,1.,-4.82135170181342E-17));
#2864=DIRECTION('',(-1.,2.80189537811719E-16,0.));
#2865=DIRECTION('',(0.,-4.82135170181342E-17,-1.));
#2866=DIRECTION('',(1.,-2.80189537811719E-16,1.35089230495885E-32));
#2867=DIRECTION('',(0.,-4.82135170181342E-17,-1.));
#2868=DIRECTION('',(1.,0.,0.));
#2869=DIRECTION('',(0.,1.,-4.82135170181342E-17));
#2870=DIRECTION('',(-1.,0.,0.));
#2871=DIRECTION('',(0.,0.,1.));
#2872=DIRECTION('',(1.83874384188941E-16,1.,-4.82135170181342E-17));
#2873=DIRECTION('',(-1.,1.83874384188941E-16,0.));
#2874=DIRECTION('',(0.,-4.82135170181342E-17,-1.));
#2875=DIRECTION('',(1.,-1.83874384188941E-16,8.86523075129245E-33));
#2876=DIRECTION('',(0.,-4.82135170181342E-17,-1.));
#2877=DIRECTION('',(-1.,0.,0.));
#2878=DIRECTION('',(0.,0.,1.));
#2879=DIRECTION('',(0.,-4.82135170181342E-17,-1.));
#2880=DIRECTION('',(0.,1.,-4.82135170181342E-17));
#2881=DIRECTION('',(1.75118461132324E-16,1.,-4.82135170181342E-17));
#2882=DIRECTION('',(-1.,1.75118461132324E-16,0.));
#2883=DIRECTION('',(0.,-4.82135170181342E-17,-1.));
#2884=DIRECTION('',(1.,-1.75118461132324E-16,8.4430769059928E-33));
#2885=DIRECTION('',(-1.,0.,0.));
#2886=DIRECTION('',(0.,0.,1.));
#2887=DIRECTION('',(0.,1.,-4.82135170181342E-17));
#2888=DIRECTION('',(0.,-4.82135170181342E-17,-1.));
#2889=DIRECTION('',(1.,0.,0.));
#2890=DIRECTION('',(0.,0.,1.));
#2891=DIRECTION('',(1.,0.,0.));
#2892=DIRECTION('',(0.,-4.82135170181342E-17,-1.));
#2893=DIRECTION('',(0.,1.,-4.82135170181342E-17));
#2894=DIRECTION('',(0.,-4.82135170181342E-17,-1.));
#2895=DIRECTION('',(0.,1.,-4.82135170181342E-17));
#2896=DIRECTION('',(0.,-4.82135170181342E-17,-1.));
#2897=DIRECTION('',(0.,-4.82135170181342E-17,-1.));
#2898=DIRECTION('',(0.,1.,-4.82135170181342E-17));
#2899=DIRECTION('',(0.,-4.82135170181342E-17,-1.));
#2900=DIRECTION('',(0.,-4.82135170181342E-17,-1.));
#2901=DIRECTION('',(0.,1.,-4.82135170181342E-17));
#2902=DIRECTION('',(0.,-4.82135170181342E-17,-1.));
#2903=DIRECTION('',(0.,-4.82135170181342E-17,-1.));
#2904=DIRECTION('',(0.,1.,-4.82135170181342E-17));
#2905=DIRECTION('',(0.,-4.82135170181342E-17,-1.));
#2906=DIRECTION('',(0.,-4.82135170181342E-17,-1.));
#2907=DIRECTION('',(1.,0.,0.));
#2908=DIRECTION('',(1.,-2.80189537811719E-16,1.35089230495885E-32));
#2909=DIRECTION('',(0.,1.,-4.82135170181342E-17));
#2910=DIRECTION('',(1.,0.,0.));
#2911=DIRECTION('',(-1.,0.,0.));
#2912=DIRECTION('',(0.,0.,1.));
#2913=DIRECTION('',(0.,-4.82135170181342E-17,-1.));
#2914=DIRECTION('',(0.,-1.,4.82135170181342E-17));
#2915=DIRECTION('',(0.,-4.82135170181342E-17,-1.));
#2916=DIRECTION('',(0.,1.,-4.82135170181342E-17));
#2917=DIRECTION('',(0.,-4.82135170181342E-17,-1.));
#2918=DIRECTION('',(0.,-1.,4.82135170181342E-17));
#2919=DIRECTION('',(0.,-4.82135170181342E-17,-1.));
#2920=DIRECTION('',(0.,1.,-4.82135170181342E-17));
#2921=DIRECTION('',(0.,-4.82135170181342E-17,-1.));
#2922=DIRECTION('',(0.,-1.,4.82135170181342E-17));
#2923=DIRECTION('',(0.,-4.82135170181342E-17,-1.));
#2924=DIRECTION('',(-1.,0.,0.));
#2925=DIRECTION('',(0.,0.,1.));
#2926=DIRECTION('',(0.,-4.82135170181342E-17,-1.));
#2927=DIRECTION('',(0.,-1.,4.82135170181342E-17));
#2928=DIRECTION('',(0.,-4.82135170181342E-17,-1.));
#2929=DIRECTION('',(0.,-1.,4.82135170181342E-17));
#2930=DIRECTION('',(0.,-1.,4.82135170181342E-17));
#2931=DIRECTION('',(0.,-4.82135170181342E-17,-1.));
#2932=DIRECTION('',(0.,-4.82135170181342E-17,-1.));
#2933=DIRECTION('',(1.,0.,0.));
#2934=DIRECTION('',(1.,0.,0.));
#2935=DIRECTION('',(0.,-4.82135170181342E-17,-1.));
#2936=DIRECTION('',(0.,1.,-4.82135170181342E-17));
#2937=DIRECTION('',(0.,-4.82135170181342E-17,-1.));
#2938=DIRECTION('',(0.,1.,-4.82135170181342E-17));
#2939=DIRECTION('',(0.,-4.82135170181342E-17,-1.));
#2940=DIRECTION('',(0.,1.,-4.82135170181342E-17));
#2941=DIRECTION('',(0.,-4.82135170181342E-17,-1.));
#2942=DIRECTION('',(0.,1.,-4.82135170181342E-17));
#2943=DIRECTION('',(0.,4.82135170181342E-17,1.));
#2944=DIRECTION('',(0.,-4.82135170181342E-17,-1.));
#2945=DIRECTION('',(-1.,0.,0.));
#2946=DIRECTION('',(-1.,0.,0.));
#2947=DIRECTION('',(-1.,0.,0.));
#2948=DIRECTION('',(0.,0.,1.));
#2949=DIRECTION('',(0.,-4.82135170181342E-17,-1.));
#2950=DIRECTION('',(0.,-1.,4.82135170181342E-17));
#2951=DIRECTION('',(0.,-1.,4.82135170181342E-17));
#2952=DIRECTION('',(0.,1.,-4.82135170181342E-17));
#2953=DIRECTION('',(0.,4.82135170181342E-17,1.));
#2954=DIRECTION('',(-1.,0.,0.));
#2955=DIRECTION('',(-1.,0.,0.));
#2956=DIRECTION('',(0.,1.,-4.82135170181342E-17));
#2957=DIRECTION('',(0.,4.82135170181342E-17,1.));
#2958=DIRECTION('',(-1.,0.,0.));
#2959=DIRECTION('',(-1.,0.,0.));
#2960=DIRECTION('',(0.,-4.82135170181342E-17,-1.));
#2961=DIRECTION('',(1.,0.,0.));
#2962=DIRECTION('',(1.,0.,0.));
#2963=DIRECTION('',(-1.,0.,0.));
#2964=DIRECTION('',(0.,-1.,4.82135170181342E-17));
#2965=DIRECTION('',(0.,-4.82135170181342E-17,-1.));
#2966=DIRECTION('',(-1.,0.,0.));
#2967=DIRECTION('',(0.,-4.82135170181342E-17,-1.));
#2968=DIRECTION('',(1.,0.,0.));
#2969=DIRECTION('',(1.,-2.80189537811719E-16,1.35089230495885E-32));
#2970=DIRECTION('',(0.,1.,-4.82135170181342E-17));
#2971=DIRECTION('',(0.,4.82135170181342E-17,1.));
#2972=DIRECTION('',(0.,-4.82135170181342E-17,-1.));
#2973=DIRECTION('',(1.,0.,0.));
#2974=DIRECTION('',(2.80189537811719E-16,1.,-4.82135170181342E-17));
#2975=DIRECTION('',(-1.,2.80189537811719E-16,0.));
#2976=DIRECTION('',(1.,-2.80189537811719E-16,1.35089230495885E-32));
#2977=DIRECTION('',(2.80189537811719E-16,1.,-4.82135170181342E-17));
#2978=DIRECTION('',(-1.,2.80189537811719E-16,0.));
#2979=DIRECTION('',(1.,-2.80189537811719E-16,1.35089230495885E-32));
#2980=DIRECTION('',(0.,-4.82135170181342E-17,-1.));
#2981=DIRECTION('',(1.,0.,0.));
#2982=CARTESIAN_POINT('',(0.,0.,0.));
#2983=CARTESIAN_POINT('',(99.06,47.830047026826,3.81));
#2984=CARTESIAN_POINT('',(99.06,47.830047026826,-5.842));
#2985=CARTESIAN_POINT('',(99.06,66.702247026826,-5.842));
#2986=CARTESIAN_POINT('',(99.06,54.002247026826,-5.842));
#2987=CARTESIAN_POINT('',(99.06,54.002247026826,3.81));
#2988=CARTESIAN_POINT('',(99.06,54.002247026826,-6.35));
#2989=CARTESIAN_POINT('',(99.06,47.830047026826,-6.35));
#2990=CARTESIAN_POINT('',(99.06,26.240047026826,-6.35));
#2991=CARTESIAN_POINT('',(99.06,26.240047026826,3.81));
#2992=CARTESIAN_POINT('',(99.06,26.240047026826,3.81));
#2993=CARTESIAN_POINT('',(99.06,47.830047026826,3.81));
#2994=CARTESIAN_POINT('',(99.06,31.3200470268259,3.81));
#2995=CARTESIAN_POINT('',(99.06,31.3200470268259,2.55));
#2996=CARTESIAN_POINT('',(99.06,31.3200470268259,1.29));
#2997=CARTESIAN_POINT('',(99.06,34.177547026826,1.28999999999999));
#2998=CARTESIAN_POINT('',(99.06,35.767940486107,1.28999999999999));
#2999=CARTESIAN_POINT('',(99.06,36.1391210351665,0.955000000000169));
#3000=CARTESIAN_POINT('',(99.06,36.510301584226,1.28999999999999));
#3001=CARTESIAN_POINT('',(99.06,44.0205256184346,1.29));
#3002=CARTESIAN_POINT('',(99.06,36.9011210351665,1.28999999999999));
#3003=CARTESIAN_POINT('',(99.06,36.9011210351665,0.955000000000169));
#3004=CARTESIAN_POINT('',(99.06,36.9011210351665,0.600000000000169));
#3005=CARTESIAN_POINT('',(99.06,38.2527210351665,0.600000000000169));
#3006=CARTESIAN_POINT('',(99.06,38.2527210351665,-0.751599999999833));
#3007=CARTESIAN_POINT('',(99.06,41.4727210351665,-0.751599999999828));
#3008=CARTESIAN_POINT('',(99.06,44.6927210351664,-0.751599999999817));
#3009=CARTESIAN_POINT('',(99.06,44.6927210351664,0.60000000000017));
#3010=CARTESIAN_POINT('',(99.06,46.0443210351664,0.60000000000017));
#3011=CARTESIAN_POINT('',(99.06,46.0443210351664,0.955000000000169));
#3012=CARTESIAN_POINT('',(99.06,46.0443210351664,1.29));
#3013=CARTESIAN_POINT('',(99.06,44.0205256184346,1.29));
#3014=CARTESIAN_POINT('',(99.06,51.6400470268259,1.28999999999999));
#3015=CARTESIAN_POINT('',(99.06,51.6400470268259,2.55));
#3016=CARTESIAN_POINT('',(99.06,51.6400470268259,3.81));
#3017=CARTESIAN_POINT('',(99.06,47.830047026826,3.81));
#3018=CARTESIAN_POINT('',(99.06,69.420047026826,3.81));
#3019=CARTESIAN_POINT('',(99.06,69.420047026826,3.81));
#3020=CARTESIAN_POINT('',(99.06,69.420047026826,-6.35));
#3021=CARTESIAN_POINT('',(99.06,47.830047026826,-6.35));
#3022=CARTESIAN_POINT('',(99.06,66.702247026826,-6.35));
#3023=CARTESIAN_POINT('',(99.06,66.702247026826,3.81));
#3024=CARTESIAN_POINT('',(50.8,35.980023513413,-6.35));
#3025=CARTESIAN_POINT('',(0.,35.980023513413,-6.35));
#3026=CARTESIAN_POINT('',(0.,0.,-6.35));
#3027=CARTESIAN_POINT('',(0.,70.182047026826,-6.35));
#3028=CARTESIAN_POINT('',(101.6,70.182047026826,-6.35));
#3029=CARTESIAN_POINT('',(101.6,70.182047026826,-6.35));
#3030=CARTESIAN_POINT('',(101.6,35.980023513413,-6.35));
#3031=CARTESIAN_POINT('',(101.6,0.,-6.35));
#3032=CARTESIAN_POINT('',(50.8,0.,-6.35));
#3033=CARTESIAN_POINT('',(1.27,60.352247026826,-6.35));
#3034=CARTESIAN_POINT('',(1.27,54.002247026826,-6.35));
#3035=CARTESIAN_POINT('',(1.27,66.702247026826,-6.35));
#3036=CARTESIAN_POINT('',(50.8,54.002247026826,-6.35));
#3037=CARTESIAN_POINT('',(4.7110646199472,54.002247026826,-6.35));
#3038=CARTESIAN_POINT('',(25.4,47.830047026826,-6.35));
#3039=CARTESIAN_POINT('',(25.4,26.240047026826,-6.35));
#3040=CARTESIAN_POINT('',(50.8,26.240047026826,-6.35));
#3041=CARTESIAN_POINT('',(50.8,54.002247026826,-6.35));
#3042=CARTESIAN_POINT('',(100.33,54.002247026826,-6.35));
#3043=CARTESIAN_POINT('',(100.33,60.352247026826,-6.35));
#3044=CARTESIAN_POINT('',(100.33,66.702247026826,-6.35));
#3045=CARTESIAN_POINT('',(50.8,66.702247026826,-6.35));
#3046=CARTESIAN_POINT('',(50.8,69.420047026826,-6.35));
#3047=CARTESIAN_POINT('',(25.4,69.420047026826,-6.35));
#3048=CARTESIAN_POINT('',(25.4,47.830047026826,-6.35));
#3049=CARTESIAN_POINT('',(14.9134291992091,66.702247026826,-6.35));
#3050=CARTESIAN_POINT('',(50.8,66.702247026826,-6.35));
#3051=CARTESIAN_POINT('',(50.8,1.27,-6.35));
#3052=CARTESIAN_POINT('',(1.27,1.27000000000001,-6.35));
#3053=CARTESIAN_POINT('',(100.33,1.27,-6.35));
#3054=CARTESIAN_POINT('',(100.33,7.62,-6.35));
#3055=CARTESIAN_POINT('',(100.33,13.97,-6.35));
#3056=CARTESIAN_POINT('',(50.8,13.97,-6.35));
#3057=CARTESIAN_POINT('',(1.27,13.97,-6.35));
#3058=CARTESIAN_POINT('',(1.27,7.62,-6.35));
#3059=CARTESIAN_POINT('',(25.4,47.830047026826,3.81));
#3060=CARTESIAN_POINT('',(4.7110646199472,54.002247026826,3.81));
#3061=CARTESIAN_POINT('',(4.7110646199472,54.002247026826,-5.842));
#3062=CARTESIAN_POINT('',(25.4,47.830047026826,-5.842));
#3063=CARTESIAN_POINT('',(14.9134291992091,66.702247026826,-5.842));
#3064=CARTESIAN_POINT('',(14.9134291992091,66.702247026826,3.81));
#3065=CARTESIAN_POINT('',(25.4,69.420047026826,3.81));
#3066=CARTESIAN_POINT('',(25.4,69.420047026826,3.81));
#3067=CARTESIAN_POINT('',(25.4,47.830047026826,3.81));
#3068=CARTESIAN_POINT('',(25.4,26.240047026826,3.81));
#3069=CARTESIAN_POINT('',(25.4,26.240047026826,3.81));
#3070=CARTESIAN_POINT('',(50.8,35.980023513413,3.81));
#3071=CARTESIAN_POINT('',(81.0230629564388,48.4650029202349,3.81));
#3072=CARTESIAN_POINT('',(79.0418188498478,48.4650029202349,3.81));
#3073=CARTESIAN_POINT('',(81.023017085625,50.4462470268055,3.81));
#3074=CARTESIAN_POINT('',(81.0230053241397,50.9542470266694,3.81));
#3075=CARTESIAN_POINT('',(81.0229935626544,51.4622470265332,3.81));
#3076=CARTESIAN_POINT('',(81.0230629564388,48.4650029202349,3.81));
#3077=CARTESIAN_POINT('',(78.0258188493372,48.4650029202349,3.81));
#3078=CARTESIAN_POINT('',(78.0258188498478,47.8300029202349,3.81));
#3079=CARTESIAN_POINT('',(78.0258188498478,47.1950029202349,3.81));
#3080=CARTESIAN_POINT('',(78.5338188498478,47.1950029202349,3.81));
#3081=CARTESIAN_POINT('',(79.0418188498478,47.1950029202349,3.81));
#3082=CARTESIAN_POINT('',(79.0418188498478,47.8300029202349,3.81));
#3083=CARTESIAN_POINT('',(76.2,51.7288267378392,3.81));
#3084=CARTESIAN_POINT('',(69.2,51.7288267378392,3.81));
#3085=CARTESIAN_POINT('',(83.2,51.7288267378392,3.81));
#3086=CARTESIAN_POINT('',(83.2,59.2587983649376,3.81));
#3087=CARTESIAN_POINT('',(83.2,66.084788147721,3.81));
#3088=CARTESIAN_POINT('',(76.2,66.084788147721,3.81));
#3089=CARTESIAN_POINT('',(69.2,66.084788147721,3.81));
#3090=CARTESIAN_POINT('',(69.2,59.2587983649376,3.81));
#3091=CARTESIAN_POINT('',(50.8,26.240047026826,3.81));
#3092=CARTESIAN_POINT('',(50.8,69.420047026826,3.81));
#3093=CARTESIAN_POINT('',(100.075018849848,51.6400470268259,3.81));
#3094=CARTESIAN_POINT('',(100.073018849848,51.6400470268259,3.81));
#3095=CARTESIAN_POINT('',(100.073018849848,47.830047026826,3.81));
#3096=CARTESIAN_POINT('',(100.073018849848,31.3200470268259,3.81));
#3097=CARTESIAN_POINT('',(100.075018849848,31.3200470268259,3.81));
#3098=CARTESIAN_POINT('',(25.4,51.7288267378392,3.81));
#3099=CARTESIAN_POINT('',(32.4,51.7288267378392,3.81));
#3100=CARTESIAN_POINT('',(18.4,51.7288267378392,3.81));
#3101=CARTESIAN_POINT('',(32.4,59.2587983649376,3.81));
#3102=CARTESIAN_POINT('',(32.4,66.084788147721,3.81));
#3103=CARTESIAN_POINT('',(25.4,66.084788147721,3.81));
#3104=CARTESIAN_POINT('',(18.4,66.084788147721,3.81));
#3105=CARTESIAN_POINT('',(18.4,59.2587983649376,3.81));
#3106=CARTESIAN_POINT('',(83.8358083169039,34.7057882288021,3.81));
#3107=CARTESIAN_POINT('',(70.2280188498478,34.7057882288021,3.81));
#3108=CARTESIAN_POINT('',(78.0258188498478,34.7057882288021,3.81));
#3109=CARTESIAN_POINT('',(78.0258188498478,34.6004396811095,3.81));
#3110=CARTESIAN_POINT('',(78.0258188493372,34.4950911334169,3.81));
#3111=CARTESIAN_POINT('',(81.0230629564388,34.4950911334169,3.81));
#3112=CARTESIAN_POINT('',(81.0229935626544,31.4978470271186,3.81));
#3113=CARTESIAN_POINT('',(81.0230053241397,32.0058470269825,3.81));
#3114=CARTESIAN_POINT('',(81.023017085625,32.5138470268463,3.81));
#3115=CARTESIAN_POINT('',(81.0230629564388,34.4950911334169,3.81));
#3116=CARTESIAN_POINT('',(79.0418188498478,34.4950911334169,3.81));
#3117=CARTESIAN_POINT('',(79.0418188498478,34.6004396811095,3.81));
#3118=CARTESIAN_POINT('',(79.0418188498478,34.7057882288021,3.81));
#3119=CARTESIAN_POINT('',(83.8358083169039,34.7057882288021,3.81));
#3120=CARTESIAN_POINT('',(94.90359778396,34.7057882288021,3.81));
#3121=CARTESIAN_POINT('',(94.90359778396,37.0311582288031,3.81));
#3122=CARTESIAN_POINT('',(94.90359778396,39.356528228804,3.81));
#3123=CARTESIAN_POINT('',(83.8358083169039,39.356528228804,3.81));
#3124=CARTESIAN_POINT('',(70.2280188498478,39.356528228804,3.81));
#3125=CARTESIAN_POINT('',(70.2280188498478,35.980023513413,3.81));
#3126=CARTESIAN_POINT('',(50.8,35.1582730452125,15.9946346153416));
#3127=CARTESIAN_POINT('',(50.8,-1.643500936401,6.13362899693559));
#3128=CARTESIAN_POINT('',(49.53,-1.64350093640098,6.13362899693559));
#3129=CARTESIAN_POINT('',(0.,-1.643500936401,6.13362899693559));
#3130=CARTESIAN_POINT('',(49.53,34.0391829141164,15.6947753184568));
#3131=CARTESIAN_POINT('',(49.53,69.7218667646337,25.255921639978));
#3132=CARTESIAN_POINT('',(0.,69.7218667646337,25.255921639978));
#3133=CARTESIAN_POINT('',(0.,69.7218667646337,25.255921639978));
#3134=CARTESIAN_POINT('',(0.,35.1582730452125,15.9946346153416));
#3135=CARTESIAN_POINT('',(50.8,71.960047026826,23.8834391100665));
#3136=CARTESIAN_POINT('',(49.53,71.960047026826,23.4070254459239));
#3137=CARTESIAN_POINT('',(49.53,71.960047026826,23.2755453710118));
#3138=CARTESIAN_POINT('',(49.53,71.960047026826,23.538505520836));
#3139=CARTESIAN_POINT('',(50.8,71.960047026826,23.2755453710118));
#3140=CARTESIAN_POINT('',(0.,71.960047026826,23.2755453710118));
#3141=CARTESIAN_POINT('',(0.,71.960047026826,23.8834391100665));
#3142=CARTESIAN_POINT('',(0.,71.960047026826,23.538505520836));
#3143=CARTESIAN_POINT('',(101.6,71.960047026826,23.538505520836));
#3144=CARTESIAN_POINT('',(50.8,9.21571846612679E-16,-5.20417042793042E-15));
#3145=CARTESIAN_POINT('',(49.53,-2.45345159877423,-0.657400374560409));
#3146=CARTESIAN_POINT('',(49.53,-2.36422342808813,-0.990404441027379));
#3147=CARTESIAN_POINT('',(49.7723896114306,-2.02325311243507,-1.60153207570604));
#3148=CARTESIAN_POINT('',(50.4549163669653,-1.79605122421383,-1.79605122421383));
#3149=CARTESIAN_POINT('',(50.8,-1.79605122421383,-1.79605122421384));
#3150=CARTESIAN_POINT('',(49.53,-2.45345159877423,-0.657400374560409));
#3151=CARTESIAN_POINT('',(50.8,-1.79605122421383,-1.79605122421384));
#3152=CARTESIAN_POINT('',(50.8,-1.79605122421383,-1.79605122421384));
#3153=CARTESIAN_POINT('',(51.1450813548704,-1.79605122421383,-1.79605122421384));
#3154=CARTESIAN_POINT('',(51.8264173521474,-2.0225274336799,-1.60248235008978));
#3155=CARTESIAN_POINT('',(52.07,-2.36418635774693,-0.990542789424177));
#3156=CARTESIAN_POINT('',(52.07,-2.45345159877423,-0.65740037456041));
#3157=CARTESIAN_POINT('',(52.07,-2.45345159877423,-0.657400374560409));
#3158=CARTESIAN_POINT('',(52.07,8.67361737988404E-16,-4.87890977618477E-15));
#3159=CARTESIAN_POINT('',(52.07,-0.657400374560406,2.45345159877423));
#3160=CARTESIAN_POINT('',(50.8,-0.657400374560403,2.45345159877423));
#3161=CARTESIAN_POINT('',(101.6,-0.657400374560403,2.45345159877423));
#3162=CARTESIAN_POINT('',(101.6,9.21571846612679E-16,-5.20417042793042E-15));
#3163=CARTESIAN_POINT('',(101.6,0.,-2.54));
#3164=CARTESIAN_POINT('',(50.8,0.,-2.54));
#3165=CARTESIAN_POINT('',(0.,0.,-2.54));
#3166=CARTESIAN_POINT('',(0.,9.21571846612679E-16,-5.20417042793042E-15));
#3167=CARTESIAN_POINT('',(0.,-0.657400374560403,2.45345159877423));
#3168=CARTESIAN_POINT('',(50.8,-0.657400374560403,2.45345159877423));
#3169=CARTESIAN_POINT('',(49.53,-0.657400374560403,2.45345159877423));
#3170=CARTESIAN_POINT('',(49.53,8.67361737988404E-16,-4.87890977618477E-15));
#3171=CARTESIAN_POINT('',(50.8,35.6513233261328,12.1823447925797));
#3172=CARTESIAN_POINT('',(52.07,34.9924134572289,12.0057904253221));
#3173=CARTESIAN_POINT('',(52.07,70.6422272890183,21.5581292518699));
#3174=CARTESIAN_POINT('',(50.8,70.6422272890183,21.5581292518699));
#3175=CARTESIAN_POINT('',(101.6,70.6422272890183,21.5581292518699));
#3176=CARTESIAN_POINT('',(101.6,35.6513233261328,12.1823447925797));
#3177=CARTESIAN_POINT('',(50.8,70.182047026826,23.2755453710118));
#3178=CARTESIAN_POINT('',(49.53,70.182047026826,23.2755453710118));
#3179=CARTESIAN_POINT('',(49.53,70.6422272890183,21.5581292518699));
#3180=CARTESIAN_POINT('',(50.8,70.6422272890183,21.5581292518699));
#3181=CARTESIAN_POINT('',(0.,70.6422272890183,21.5581292518699));
#3182=CARTESIAN_POINT('',(0.,70.182047026826,23.2755453710118));
#3183=CARTESIAN_POINT('',(50.8,70.182047026826,23.538505520836));
#3184=CARTESIAN_POINT('',(49.53,70.182047026826,23.538505520836));
#3185=CARTESIAN_POINT('',(0.,70.182047026826,23.538505520836));
#3186=CARTESIAN_POINT('',(76.2,52.4323659720126,0.709778598837856));
#3187=CARTESIAN_POINT('',(76.2,51.395725869796,5.27784484743957));
#3188=CARTESIAN_POINT('',(69.2,51.395725869796,5.27784484743957));
#3189=CARTESIAN_POINT('',(83.2,51.395725869796,5.27784484743957));
#3190=CARTESIAN_POINT('',(83.2,52.4323659720126,0.709778598837856));
#3191=CARTESIAN_POINT('',(69.2,52.4323659720126,0.709778598837856));
#3192=CARTESIAN_POINT('',(83.2,59.2587983649376,2.25891409479136));
#3193=CARTESIAN_POINT('',(83.2,58.2221582627211,6.82698034339308));
#3194=CARTESIAN_POINT('',(83.2,65.0485906556462,8.37611583934659));
#3195=CARTESIAN_POINT('',(83.2,66.0852307578627,3.80804959074487));
#3196=CARTESIAN_POINT('',(76.2,66.0852307578627,3.80804959074487));
#3197=CARTESIAN_POINT('',(76.2,65.0485906556462,8.37611583934659));
#3198=CARTESIAN_POINT('',(69.2,65.0485906556462,8.37611583934659));
#3199=CARTESIAN_POINT('',(69.2,66.0852307578627,3.80804959074487));
#3200=CARTESIAN_POINT('',(69.2,59.2587983649376,2.25891409479136));
#3201=CARTESIAN_POINT('',(69.2,58.2221582627211,6.82698034339308));
#3202=CARTESIAN_POINT('',(50.8,47.1898494867836,9.53256033156047));
#3203=CARTESIAN_POINT('',(84.1652,57.0979285028006,11.7810198514016));
#3204=CARTESIAN_POINT('',(84.1652,49.3302286033539,10.0182807010632));
#3205=CARTESIAN_POINT('',(84.1652,64.8656284022472,13.54375900174));
#3206=CARTESIAN_POINT('',(76.2,49.3302286033539,10.0182807010632));
#3207=CARTESIAN_POINT('',(68.2348,49.3302286033539,10.0182807010631));
#3208=CARTESIAN_POINT('',(68.2348,57.0979285028006,11.7810198514016));
#3209=CARTESIAN_POINT('',(68.2348,64.8656284022472,13.54375900174));
#3210=CARTESIAN_POINT('',(76.2,64.8656284022472,13.54375900174));
#3211=CARTESIAN_POINT('',(0.,47.1898494867836,9.53256033156047));
#3212=CARTESIAN_POINT('',(0.,20.6679127819641,3.51388597781609));
#3213=CARTESIAN_POINT('',(0.,69.7885666108539,14.6609308836797));
#3214=CARTESIAN_POINT('',(101.6,20.6679127819641,3.51388597781609));
#3215=CARTESIAN_POINT('',(101.6,20.6679127819641,3.51388597781609));
#3216=CARTESIAN_POINT('',(101.6,47.1898494867836,9.53256033156047));
#3217=CARTESIAN_POINT('',(101.6,69.7885666108539,14.6609308836797));
#3218=CARTESIAN_POINT('',(50.8,69.7885666108539,14.6609308836797));
#3219=CARTESIAN_POINT('',(25.4,49.3302286033539,10.0182807010632));
#3220=CARTESIAN_POINT('',(33.3652,49.3302286033539,10.0182807010632));
#3221=CARTESIAN_POINT('',(17.4348,49.3302286033539,10.0182807010632));
#3222=CARTESIAN_POINT('',(17.4348,57.0979285028006,11.7810198514016));
#3223=CARTESIAN_POINT('',(17.4348,64.8656284022472,13.54375900174));
#3224=CARTESIAN_POINT('',(25.4,64.8656284022472,13.54375900174));
#3225=CARTESIAN_POINT('',(33.3652,64.8656284022472,13.54375900174));
#3226=CARTESIAN_POINT('',(33.3652,57.0979285028006,11.7810198514016));
#3227=CARTESIAN_POINT('',(25.4,52.4323659720126,0.709778598837856));
#3228=CARTESIAN_POINT('',(18.4,52.4323659720126,0.709778598837856));
#3229=CARTESIAN_POINT('',(18.4,51.395725869796,5.27784484743957));
#3230=CARTESIAN_POINT('',(25.4,51.395725869796,5.27784484743957));
#3231=CARTESIAN_POINT('',(32.4,51.395725869796,5.27784484743957));
#3232=CARTESIAN_POINT('',(32.4,52.4323659720126,0.709778598837856));
#3233=CARTESIAN_POINT('',(32.4,59.2587983649376,2.25891409479136));
#3234=CARTESIAN_POINT('',(32.4,58.2221582627211,6.82698034339308));
#3235=CARTESIAN_POINT('',(32.4,65.0485906556462,8.37611583934659));
#3236=CARTESIAN_POINT('',(32.4,66.0852307578627,3.80804959074487));
#3237=CARTESIAN_POINT('',(25.4,66.0852307578627,3.80804959074487));
#3238=CARTESIAN_POINT('',(25.4,65.0485906556462,8.37611583934659));
#3239=CARTESIAN_POINT('',(18.4,65.0485906556462,8.37611583934659));
#3240=CARTESIAN_POINT('',(18.4,66.0852307578627,3.80804959074487));
#3241=CARTESIAN_POINT('',(18.4,59.2587983649376,2.25891409479136));
#3242=CARTESIAN_POINT('',(18.4,58.2221582627211,6.82698034339308));
#3243=CARTESIAN_POINT('',(50.8,35.1582730452125,15.9946346153416));
#3244=CARTESIAN_POINT('',(52.07,34.0391829141164,15.6947753184568));
#3245=CARTESIAN_POINT('',(52.07,-1.64350093640098,6.13362899693559));
#3246=CARTESIAN_POINT('',(52.07,69.7218667646337,25.255921639978));
#3247=CARTESIAN_POINT('',(50.8,-1.643500936401,6.13362899693559));
#3248=CARTESIAN_POINT('',(101.6,-1.643500936401,6.13362899693559));
#3249=CARTESIAN_POINT('',(101.6,35.1582730452125,15.9946346153416));
#3250=CARTESIAN_POINT('',(101.6,69.7218667646337,25.255921639978));
#3251=CARTESIAN_POINT('',(0.,69.7218667646337,25.255921639978));
#3252=CARTESIAN_POINT('',(50.8,-1.13365611261364E-15,1.21430643318376E-14));
#3253=CARTESIAN_POINT('',(52.07,-1.62630325872825E-15,8.67361737988404E-15));
#3254=CARTESIAN_POINT('',(52.07,-5.29743466333186,-3.50138343911803));
#3255=CARTESIAN_POINT('',(52.07,-5.29743466333186,-3.50138343911803));
#3256=CARTESIAN_POINT('',(52.07,-5.11176638676231,-3.78229113782708));
#3257=CARTESIAN_POINT('',(51.798931326801,-4.69412756203081,-4.29786147085158));
#3258=CARTESIAN_POINT('',(51.1367841265737,-4.49012806053457,-4.49012806053458));
#3259=CARTESIAN_POINT('',(50.8,-4.49012806053457,-4.49012806053458));
#3260=CARTESIAN_POINT('',(50.8,-4.49012806053457,-4.49012806053458));
#3261=CARTESIAN_POINT('',(50.8,-4.49012806053457,-4.49012806053458));
#3262=CARTESIAN_POINT('',(50.4632058457146,-4.49012806053457,-4.49012806053458));
#3263=CARTESIAN_POINT('',(49.8024312762241,-4.69323223425158,-4.29886408189176));
#3264=CARTESIAN_POINT('',(49.53,-5.11173932940638,-3.78233207438193));
#3265=CARTESIAN_POINT('',(49.53,-5.29743466333186,-3.50138343911803));
#3266=CARTESIAN_POINT('',(49.53,-5.29743466333186,-3.50138343911803));
#3267=CARTESIAN_POINT('',(49.53,-1.62630325872825E-15,8.67361737988404E-15));
#3268=CARTESIAN_POINT('',(0.,-1.13365611261364E-15,1.21430643318376E-14));
#3269=CARTESIAN_POINT('',(101.6,-1.13365611261364E-15,1.21430643318376E-14));
#3270=CARTESIAN_POINT('',(50.8,71.960047026826,4.4018545655816));
#3271=CARTESIAN_POINT('',(0.,71.960047026826,4.4018545655816));
#3272=CARTESIAN_POINT('',(0.,71.960047026826,12.9270170558767));
#3273=CARTESIAN_POINT('',(0.,71.960047026826,-4.572));
#3274=CARTESIAN_POINT('',(50.8,71.960047026826,12.9270170558767));
#3275=CARTESIAN_POINT('',(101.6,71.960047026826,12.9270170558767));
#3276=CARTESIAN_POINT('',(101.6,71.960047026826,4.4018545655816));
#3277=CARTESIAN_POINT('',(101.6,71.960047026826,-4.572));
#3278=CARTESIAN_POINT('',(0.,71.960047026826,-4.572));
#3279=CARTESIAN_POINT('',(50.8,10.6410470150016,-2.54));
#3280=CARTESIAN_POINT('',(101.6,10.6410470150016,-2.54));
#3281=CARTESIAN_POINT('',(101.6,7.42855911926637,-2.54));
#3282=CARTESIAN_POINT('',(0.,7.42855911926637,-2.54));
#3283=CARTESIAN_POINT('',(0.,7.42855911926637,-2.54));
#3284=CARTESIAN_POINT('',(0.,10.6410470150016,-2.54));
#3285=CARTESIAN_POINT('',(50.8,35.6513233261328,12.1823447925797));
#3286=CARTESIAN_POINT('',(49.53,34.9924134572289,12.0057904253221));
#3287=CARTESIAN_POINT('',(0.,35.6513233261328,12.1823447925797));
#3288=CARTESIAN_POINT('',(50.8,71.960047026826,23.8834391100665));
#3289=CARTESIAN_POINT('',(50.8,71.960047026826,23.2755453710118));
#3290=CARTESIAN_POINT('',(101.6,71.960047026826,23.2755453710118));
#3291=CARTESIAN_POINT('',(52.07,71.960047026826,23.2755453710118));
#3292=CARTESIAN_POINT('',(52.07,71.960047026826,23.4070254459239));
#3293=CARTESIAN_POINT('',(52.07,71.960047026826,23.538505520836));
#3294=CARTESIAN_POINT('',(101.6,71.960047026826,23.538505520836));
#3295=CARTESIAN_POINT('',(101.6,71.960047026826,23.538505520836));
#3296=CARTESIAN_POINT('',(101.6,71.960047026826,23.8834391100665));
#3297=CARTESIAN_POINT('',(0.,32.805023513413,9.75282011687382));
#3298=CARTESIAN_POINT('',(0.,7.42855911926637,13.97));
#3299=CARTESIAN_POINT('',(0.,19.7359787736212,2.96511374653962));
#3300=CARTESIAN_POINT('',(0.,21.0613931979363,1.77997215001312));
#3301=CARTESIAN_POINT('',(0.,70.182047026826,12.9270170558767));
#3302=CARTESIAN_POINT('',(0.,70.182047026826,-4.572));
#3303=CARTESIAN_POINT('',(50.8,7.42855911926637,13.97));
#3304=CARTESIAN_POINT('',(101.6,7.42855911926637,13.97));
#3305=CARTESIAN_POINT('',(101.6,19.7359787736212,2.96511374653962));
#3306=CARTESIAN_POINT('',(50.8,19.7359787736212,2.96511374653962));
#3307=CARTESIAN_POINT('',(101.6,32.805023513413,9.75282011687382));
#3308=CARTESIAN_POINT('',(101.6,41.4727210351665,-0.751599999999828));
#3309=CARTESIAN_POINT('',(101.6,38.2527210351665,-0.751599999999833));
#3310=CARTESIAN_POINT('',(101.6,44.6927210351664,-0.751599999999817));
#3311=CARTESIAN_POINT('',(101.6,38.2527210351665,0.600000000000169));
#3312=CARTESIAN_POINT('',(101.6,36.9011210351665,0.600000000000169));
#3313=CARTESIAN_POINT('',(101.6,36.9011210351665,0.955000000000169));
#3314=CARTESIAN_POINT('',(101.6,36.9011210351665,1.31000000000017));
#3315=CARTESIAN_POINT('',(101.6,38.2527210351665,1.31000000000017));
#3316=CARTESIAN_POINT('',(101.6,38.2527210351665,2.66160000000017));
#3317=CARTESIAN_POINT('',(101.6,41.4727210351665,2.66160000000017));
#3318=CARTESIAN_POINT('',(101.6,44.6927210351664,2.66160000000017));
#3319=CARTESIAN_POINT('',(101.6,44.6927210351664,1.31000000000016));
#3320=CARTESIAN_POINT('',(101.6,46.0443210351664,1.31000000000017));
#3321=CARTESIAN_POINT('',(101.6,46.0443210351664,0.955000000000169));
#3322=CARTESIAN_POINT('',(101.6,46.0443210351664,0.60000000000017));
#3323=CARTESIAN_POINT('',(101.6,44.6927210351664,0.60000000000017));
#3324=CARTESIAN_POINT('',(101.6,36.1391210351665,0.955000000000169));
#3325=CARTESIAN_POINT('',(101.6,36.1391210351665,0.455000000000169));
#3326=CARTESIAN_POINT('',(101.6,21.0613931979363,1.77997215001312));
#3327=CARTESIAN_POINT('',(101.6,70.182047026826,23.2755453710118));
#3328=CARTESIAN_POINT('',(101.6,70.182047026826,23.538505520836));
#3329=CARTESIAN_POINT('',(101.6,70.182047026826,-4.572));
#3330=CARTESIAN_POINT('',(101.6,70.182047026826,12.9270170558767));
#3331=CARTESIAN_POINT('',(50.8,26.240047026826,3.81));
#3332=CARTESIAN_POINT('',(50.8,69.420047026826,3.81));
#3333=CARTESIAN_POINT('',(17.4348,58.2221582627211,6.82698034339308));
#3334=CARTESIAN_POINT('',(17.4348,50.4544583632744,5.06424119305466));
#3335=CARTESIAN_POINT('',(17.4348,50.4544583632744,5.06424119305466));
#3336=CARTESIAN_POINT('',(17.4348,58.2221582627211,6.82698034339308));
#3337=CARTESIAN_POINT('',(17.4348,65.9898581621678,8.58971949373149));
#3338=CARTESIAN_POINT('',(17.4348,65.9898581621678,8.58971949373149));
#3339=CARTESIAN_POINT('',(25.4,50.4544583632744,5.06424119305466));
#3340=CARTESIAN_POINT('',(33.3652,50.4544583632744,5.06424119305466));
#3341=CARTESIAN_POINT('',(33.3652,50.4544583632744,5.06424119305466));
#3342=CARTESIAN_POINT('',(25.4,50.4544583632744,5.06424119305466));
#3343=CARTESIAN_POINT('',(33.3652,58.2221582627211,6.82698034339308));
#3344=CARTESIAN_POINT('',(33.3652,65.9898581621678,8.58971949373149));
#3345=CARTESIAN_POINT('',(33.3652,65.9898581621678,8.58971949373149));
#3346=CARTESIAN_POINT('',(33.3652,58.2221582627211,6.82698034339308));
#3347=CARTESIAN_POINT('',(25.4,65.9898581621678,8.58971949373149));
#3348=CARTESIAN_POINT('',(25.4,65.9898581621678,8.58971949373149));
#3349=CARTESIAN_POINT('',(25.4,48.3140792467041,4.57852082355199));
#3350=CARTESIAN_POINT('',(50.8,21.0613931979363,1.77997215001312));
#3351=CARTESIAN_POINT('',(50.8,70.182047026826,12.9270170558767));
#3352=CARTESIAN_POINT('',(50.8,70.182047026826,23.2755453710118));
#3353=CARTESIAN_POINT('',(52.07,70.182047026826,23.2755453710118));
#3354=CARTESIAN_POINT('',(50.8,70.182047026826,23.538505520836));
#3355=CARTESIAN_POINT('',(52.07,70.182047026826,23.538505520836));
#3356=CARTESIAN_POINT('',(50.8,70.182047026826,-4.572));
#3357=CARTESIAN_POINT('',(84.1652,58.2221582627211,6.82698034339308));
#3358=CARTESIAN_POINT('',(84.1652,65.9898581621678,8.58971949373149));
#3359=CARTESIAN_POINT('',(84.1652,65.9898581621678,8.58971949373149));
#3360=CARTESIAN_POINT('',(84.1652,58.2221582627211,6.82698034339308));
#3361=CARTESIAN_POINT('',(84.1652,50.4544583632744,5.06424119305466));
#3362=CARTESIAN_POINT('',(84.1652,50.4544583632744,5.06424119305466));
#3363=CARTESIAN_POINT('',(76.2,65.9898581621678,8.58971949373149));
#3364=CARTESIAN_POINT('',(68.2348,65.9898581621678,8.58971949373149));
#3365=CARTESIAN_POINT('',(68.2348,65.9898581621678,8.58971949373149));
#3366=CARTESIAN_POINT('',(76.2,65.9898581621678,8.58971949373149));
#3367=CARTESIAN_POINT('',(68.2348,58.2221582627211,6.82698034339308));
#3368=CARTESIAN_POINT('',(68.2348,50.4544583632744,5.06424119305466));
#3369=CARTESIAN_POINT('',(68.2348,50.4544583632744,5.06424119305466));
#3370=CARTESIAN_POINT('',(68.2348,58.2221582627211,6.82698034339308));
#3371=CARTESIAN_POINT('',(76.2,50.4544583632744,5.06424119305466));
#3372=CARTESIAN_POINT('',(76.2,50.4544583632744,5.06424119305466));
#3373=CARTESIAN_POINT('',(76.2,48.3140792467041,4.57852082355199));
#3374=CARTESIAN_POINT('',(52.07,32.805023513413,9.483252760418));
#3375=CARTESIAN_POINT('',(52.07,20.2461125248086,22.0421637490224));
#3376=CARTESIAN_POINT('',(49.53,32.805023513413,9.483252760418));
#3377=CARTESIAN_POINT('',(49.53,-2.69407683632075,-0.898025612106922));
#3378=CARTESIAN_POINT('',(50.8,20.2461125248086,22.0421637490224));
#3379=CARTESIAN_POINT('',(99.058,36.1391210351665,0.955000000000169));
#3380=CARTESIAN_POINT('',(100.073018849848,36.1391210351665,0.955000000000169));
#3381=CARTESIAN_POINT('',(100.073018849848,36.510301584226,1.28999999999999));
#3382=CARTESIAN_POINT('',(100.073018849848,35.767940486107,1.28999999999999));
#3383=CARTESIAN_POINT('',(100.075018849848,36.510301584226,1.28999999999999));
#3384=CARTESIAN_POINT('',(100.075018849848,35.767940486107,1.28999999999999));
#3385=CARTESIAN_POINT('',(99.058,38.2527210351665,0.600000000000169));
#3386=CARTESIAN_POINT('',(99.058,36.9011210351665,0.600000000000169));
#3387=CARTESIAN_POINT('',(99.058,38.2527210351665,-0.751599999999833));
#3388=CARTESIAN_POINT('',(99.058,41.4727210351665,-0.751599999999828));
#3389=CARTESIAN_POINT('',(99.058,44.6927210351664,-0.751599999999817));
#3390=CARTESIAN_POINT('',(99.058,44.6927210351664,0.60000000000017));
#3391=CARTESIAN_POINT('',(99.058,46.0443210351664,0.60000000000017));
#3392=CARTESIAN_POINT('',(99.058,46.0443210351664,0.955000000000169));
#3393=CARTESIAN_POINT('',(100.073018849848,46.0443210351664,0.955000000000169));
#3394=CARTESIAN_POINT('',(100.073018849848,46.0443210351664,1.29));
#3395=CARTESIAN_POINT('',(100.073018849848,46.0443210351664,1.31000000000017));
#3396=CARTESIAN_POINT('',(99.058,46.0443210351664,1.29));
#3397=CARTESIAN_POINT('',(99.058,46.0443210351664,1.31000000000017));
#3398=CARTESIAN_POINT('',(99.058,44.6927210351664,1.31000000000016));
#3399=CARTESIAN_POINT('',(99.058,44.6927210351664,2.66160000000017));
#3400=CARTESIAN_POINT('',(100.073018849848,44.6927210351664,2.66160000000017));
#3401=CARTESIAN_POINT('',(100.073018849848,44.6927210351664,1.31000000000016));
#3402=CARTESIAN_POINT('',(99.058,41.4727210351665,2.66160000000017));
#3403=CARTESIAN_POINT('',(100.073018849848,41.4727210351665,2.66160000000017));
#3404=CARTESIAN_POINT('',(100.073018849848,38.2527210351665,2.66160000000017));
#3405=CARTESIAN_POINT('',(99.058,38.2527210351665,2.66160000000017));
#3406=CARTESIAN_POINT('',(99.058,38.2527210351665,1.31000000000017));
#3407=CARTESIAN_POINT('',(99.058,36.9011210351665,1.31000000000017));
#3408=CARTESIAN_POINT('',(100.073018849848,36.9011210351665,1.31000000000017));
#3409=CARTESIAN_POINT('',(100.073018849848,38.2527210351665,1.31000000000017));
#3410=CARTESIAN_POINT('',(99.058,36.9011210351665,0.955000000000169));
#3411=CARTESIAN_POINT('',(100.073018849848,36.9011210351665,0.955000000000169));
#3412=CARTESIAN_POINT('',(100.073018849848,36.9011210351665,1.28999999999999));
#3413=CARTESIAN_POINT('',(99.058,36.9011210351665,1.28999999999999));
#3414=CARTESIAN_POINT('',(100.075018849848,44.0205256184346,1.29));
#3415=CARTESIAN_POINT('',(100.073018849848,44.0205256184346,1.29));
#3416=CARTESIAN_POINT('',(100.073018849848,51.6400470268259,1.28999999999999));
#3417=CARTESIAN_POINT('',(100.075018849848,51.6400470268259,1.28999999999999));
#3418=CARTESIAN_POINT('',(100.075018849848,44.0205256184346,1.29));
#3419=CARTESIAN_POINT('',(100.073018849848,44.0205256184346,1.29));
#3420=CARTESIAN_POINT('',(100.075018849848,34.177547026826,1.28999999999999));
#3421=CARTESIAN_POINT('',(100.075018849848,31.3200470268259,1.29));
#3422=CARTESIAN_POINT('',(100.073018849848,31.3200470268259,1.29));
#3423=CARTESIAN_POINT('',(100.073018849848,34.177547026826,1.28999999999999));
#3424=CARTESIAN_POINT('',(100.075018849848,51.6400470268259,2.55));
#3425=CARTESIAN_POINT('',(100.073018849848,51.6400470268259,2.55));
#3426=CARTESIAN_POINT('',(100.075018849848,31.3200470268259,2.55));
#3427=CARTESIAN_POINT('',(100.073018849848,31.3200470268259,2.55));
#3428=CARTESIAN_POINT('',(100.073018849848,48.4650470268259,3.56));
#3429=CARTESIAN_POINT('',(83.8358083169039,39.356528228804,6.35));
#3430=CARTESIAN_POINT('',(94.90359778396,39.356528228804,6.35));
#3431=CARTESIAN_POINT('',(94.90359778396,39.356528228804,6.35));
#3432=CARTESIAN_POINT('',(83.8358083169039,39.356528228804,6.35));
#3433=CARTESIAN_POINT('',(72.7680188498478,39.356528228804,6.35));
#3434=CARTESIAN_POINT('',(70.2280188498478,39.356528228804,6.35));
#3435=CARTESIAN_POINT('',(94.90359778396,37.0311582288031,6.35));
#3436=CARTESIAN_POINT('',(94.90359778396,34.7057882288021,6.35));
#3437=CARTESIAN_POINT('',(94.90359778396,34.7057882288021,6.35));
#3438=CARTESIAN_POINT('',(94.90359778396,37.0311582288031,6.35));
#3439=CARTESIAN_POINT('',(83.8358083169039,34.7057882288021,6.35));
#3440=CARTESIAN_POINT('',(70.2280188498478,34.7057882288021,6.35));
#3441=CARTESIAN_POINT('',(72.7680188498478,34.7057882288021,6.35));
#3442=CARTESIAN_POINT('',(83.8358083169039,34.7057882288021,6.35));
#3443=CARTESIAN_POINT('',(79.0418188498478,34.7057882288021,2.54));
#3444=CARTESIAN_POINT('',(79.0418188498478,34.7057882288021,2.54));
#3445=CARTESIAN_POINT('',(83.8358083169039,34.7057882288021,2.54));
#3446=CARTESIAN_POINT('',(78.0258188498478,34.7057882288021,2.54));
#3447=CARTESIAN_POINT('',(78.0258188498478,34.7057882288021,2.54));
#3448=CARTESIAN_POINT('',(51.9415094249239,47.830047026826,6.35));
#3449=CARTESIAN_POINT('',(72.7680188498478,37.0311582288031,6.35));
#3450=CARTESIAN_POINT('',(70.2280188498478,35.980023513413,6.35));
#3451=CARTESIAN_POINT('',(81.0230629564388,48.4650029202349,2.54));
#3452=CARTESIAN_POINT('',(79.0418188493372,48.4650029202349,2.54));
#3453=CARTESIAN_POINT('',(79.0418188493372,48.4650029202349,2.54));
#3454=CARTESIAN_POINT('',(81.0230629564388,48.4650029202349,2.54));
#3455=CARTESIAN_POINT('',(81.023017085625,50.4462470268055,2.54));
#3456=CARTESIAN_POINT('',(81.023017085625,50.4462470268055,2.54));
#3457=CARTESIAN_POINT('',(79.0418188498478,47.8300029202349,2.54));
#3458=CARTESIAN_POINT('',(79.0418188498478,47.1950029202349,2.54));
#3459=CARTESIAN_POINT('',(79.0418188498478,47.1950029202349,2.54));
#3460=CARTESIAN_POINT('',(79.0418188498478,47.8300029202349,2.54));
#3461=CARTESIAN_POINT('',(78.5338188498478,47.1950029202349,2.54));
#3462=CARTESIAN_POINT('',(78.0258188498478,47.1950029202349,2.54));
#3463=CARTESIAN_POINT('',(78.0258188498478,47.1950029202349,2.54));
#3464=CARTESIAN_POINT('',(78.5338188498478,47.1950029202349,2.54));
#3465=CARTESIAN_POINT('',(78.0258188498478,47.8300029202349,2.54));
#3466=CARTESIAN_POINT('',(78.0258188498478,48.4650029202349,2.54));
#3467=CARTESIAN_POINT('',(78.0258188498478,48.4650029202349,2.54));
#3468=CARTESIAN_POINT('',(78.0258188498478,47.8300029202349,2.54));
#3469=CARTESIAN_POINT('',(81.0230629564388,48.4650029202349,2.54));
#3470=CARTESIAN_POINT('',(81.0229935626544,51.4622470265332,2.54));
#3471=CARTESIAN_POINT('',(81.0229935626544,51.4622470265332,2.54));
#3472=CARTESIAN_POINT('',(81.0230629564388,48.4650029202349,2.54));
#3473=CARTESIAN_POINT('',(81.0230053241397,50.9542470266694,2.54));
#3474=CARTESIAN_POINT('',(81.0230053241397,50.9542470266694,2.54));
#3475=CARTESIAN_POINT('',(51.9415094249239,47.830047026826,2.54));
#3476=CARTESIAN_POINT('',(81.0230629564388,34.4950911334169,2.54));
#3477=CARTESIAN_POINT('',(81.023017085625,32.5138470268463,2.54));
#3478=CARTESIAN_POINT('',(81.023017085625,32.5138470268463,2.54));
#3479=CARTESIAN_POINT('',(81.0230629564388,34.4950911334169,2.54));
#3480=CARTESIAN_POINT('',(79.0418188498478,34.4950911334169,2.54));
#3481=CARTESIAN_POINT('',(79.0418188498478,34.4950911334169,2.54));
#3482=CARTESIAN_POINT('',(81.0230053241397,32.0058470269825,2.54));
#3483=CARTESIAN_POINT('',(81.0229935626544,31.4978470271186,2.54));
#3484=CARTESIAN_POINT('',(81.0229935626544,31.4978470271186,2.54));
#3485=CARTESIAN_POINT('',(81.0230053241397,32.0058470269825,2.54));
#3486=CARTESIAN_POINT('',(81.0230629564388,34.4950911334169,2.54));
#3487=CARTESIAN_POINT('',(78.0258188493372,34.4950911334169,2.54));
#3488=CARTESIAN_POINT('',(78.0258188493372,34.4950911334169,2.54));
#3489=CARTESIAN_POINT('',(81.0230629564388,34.4950911334169,2.54));
#3490=CARTESIAN_POINT('',(78.0258188498478,34.6004396811095,2.54));
#3491=CARTESIAN_POINT('',(78.0258188498478,34.6004396811095,2.54));
#3492=CARTESIAN_POINT('',(79.0418188498478,34.6004396811095,2.54));
#3493=CARTESIAN_POINT('',(79.0418188498478,34.6004396811095,2.54));
#3494=CARTESIAN_POINT('',(51.9415094249239,47.830047026826,2.54));
#3495=CARTESIAN_POINT('',(50.8,35.091023513413,-5.842));
#3496=CARTESIAN_POINT('',(50.8,54.002247026826,-5.842));
#3497=CARTESIAN_POINT('',(1.27,54.002247026826,-5.842));
#3498=CARTESIAN_POINT('',(1.27,60.352247026826,-5.842));
#3499=CARTESIAN_POINT('',(1.27,66.702247026826,-5.842));
#3500=CARTESIAN_POINT('',(50.8,66.702247026826,-5.842));
#3501=CARTESIAN_POINT('',(50.8,66.702247026826,-5.842));
#3502=CARTESIAN_POINT('',(1.27,66.702247026826,-5.842));
#3503=CARTESIAN_POINT('',(50.8,54.002247026826,-5.842));
#3504=CARTESIAN_POINT('',(1.27,54.002247026826,-5.842));
#3505=CARTESIAN_POINT('',(1.27,60.352247026826,-5.842));
#3506=CARTESIAN_POINT('',(50.8,54.002247026826,-5.842));
#3507=CARTESIAN_POINT('',(50.8,54.002247026826,-5.842));
#3508=CARTESIAN_POINT('',(100.33,54.002247026826,-5.842));
#3509=CARTESIAN_POINT('',(100.33,54.002247026826,-5.842));
#3510=CARTESIAN_POINT('',(50.8,66.702247026826,-5.842));
#3511=CARTESIAN_POINT('',(100.33,66.702247026826,-5.842));
#3512=CARTESIAN_POINT('',(100.33,66.702247026826,-5.842));
#3513=CARTESIAN_POINT('',(50.8,66.702247026826,-5.842));
#3514=CARTESIAN_POINT('',(50.8,35.091023513413,-5.842));
#3515=CARTESIAN_POINT('',(100.33,60.352247026826,-5.842));
#3516=CARTESIAN_POINT('',(100.33,60.352247026826,-5.842));
#3517=CARTESIAN_POINT('',(50.8,1.27,-5.842));
#3518=CARTESIAN_POINT('',(1.27,1.27000000000001,-5.842));
#3519=CARTESIAN_POINT('',(1.27,1.27000000000001,-5.842));
#3520=CARTESIAN_POINT('',(50.8,1.27,-5.842));
#3521=CARTESIAN_POINT('',(100.33,1.27,-5.842));
#3522=CARTESIAN_POINT('',(100.33,1.27,-5.842));
#3523=CARTESIAN_POINT('',(1.27,7.62,-5.842));
#3524=CARTESIAN_POINT('',(1.27,13.97,-5.842));
#3525=CARTESIAN_POINT('',(1.27,13.97,-5.842));
#3526=CARTESIAN_POINT('',(1.27,7.62,-5.842));
#3527=CARTESIAN_POINT('',(50.8,13.97,-5.842));
#3528=CARTESIAN_POINT('',(100.33,13.97,-5.842));
#3529=CARTESIAN_POINT('',(100.33,13.97,-5.842));
#3530=CARTESIAN_POINT('',(50.8,13.97,-5.842));
#3531=CARTESIAN_POINT('',(100.33,7.62,-5.842));
#3532=CARTESIAN_POINT('',(100.33,7.62,-5.842));
#3533=CARTESIAN_POINT('',(50.8,35.091023513413,-5.842));
#3534=CARTESIAN_POINT('',(0.,0.,0.));
#3535=CARTESIAN_POINT('',(25.4,47.830047026826,3.812));
#3536=CARTESIAN_POINT('',(25.4,47.830047026826,-5.842));
#3537=CARTESIAN_POINT('',(15.2845476621161,66.702247026826,-5.842));
#3538=CARTESIAN_POINT('',(4.89667695225965,54.002247026826,-5.842));
#3539=CARTESIAN_POINT('',(4.89667695225965,54.002247026826,3.812));
#3540=CARTESIAN_POINT('',(4.89667695225965,54.002247026826,-6.35));
#3541=CARTESIAN_POINT('',(25.4,47.830047026826,-6.35));
#3542=CARTESIAN_POINT('',(25.4,26.417847026826,-6.35));
#3543=CARTESIAN_POINT('',(25.4,26.417847026826,3.812));
#3544=CARTESIAN_POINT('',(25.4,26.417847026826,3.81));
#3545=CARTESIAN_POINT('',(25.4,47.830047026826,3.81));
#3546=CARTESIAN_POINT('',(25.4,69.2422470268261,3.81));
#3547=CARTESIAN_POINT('',(25.4,69.2422470268261,3.812));
#3548=CARTESIAN_POINT('',(25.4,69.2422470268261,-6.35));
#3549=CARTESIAN_POINT('',(25.4,47.830047026826,-6.35));
#3550=CARTESIAN_POINT('',(15.2845476621161,66.702247026826,-6.35));
#3551=CARTESIAN_POINT('',(15.2845476621161,66.702247026826,3.812));
#3552=CARTESIAN_POINT('',(50.8,35.091023513413,-6.35));
#3553=CARTESIAN_POINT('',(50.8,54.002247026826,-6.35));
#3554=CARTESIAN_POINT('',(98.8822,54.002247026826,-6.35));
#3555=CARTESIAN_POINT('',(98.8822,61.6222470266796,-6.35));
#3556=CARTESIAN_POINT('',(98.8822,26.417847026826,-6.35));
#3557=CARTESIAN_POINT('',(62.1411,26.417847026826,-6.35));
#3558=CARTESIAN_POINT('',(98.8822,61.6222470266796,3.812));
#3559=CARTESIAN_POINT('',(98.8822,54.002247026826,3.812));
#3560=CARTESIAN_POINT('',(98.8822,54.002247026826,-5.842));
#3561=CARTESIAN_POINT('',(98.8822,61.6222470266796,-5.842));
#3562=CARTESIAN_POINT('',(98.8822,66.702247026826,-5.842));
#3563=CARTESIAN_POINT('',(98.8822,66.702247026826,3.812));
#3564=CARTESIAN_POINT('',(98.8822,66.702247026826,-6.35));
#3565=CARTESIAN_POINT('',(98.8822,61.6222470266796,-6.35));
#3566=CARTESIAN_POINT('',(98.8822,69.242247026826,-6.35));
#3567=CARTESIAN_POINT('',(98.8822,69.242247026826,3.812));
#3568=CARTESIAN_POINT('',(98.8822,69.242247026826,3.81));
#3569=CARTESIAN_POINT('',(98.8822,61.6222470266796,3.81));
#3570=CARTESIAN_POINT('',(98.8822,54.0022470265332,3.81));
#3571=CARTESIAN_POINT('',(98.8822,54.0022470265332,3.812));
#3572=CARTESIAN_POINT('',(98.8822,54.0022470265332,-3.81));
#3573=CARTESIAN_POINT('',(98.8822,27.6878470269724,-3.81));
#3574=CARTESIAN_POINT('',(98.8822,28.9578470271186,-3.81));
#3575=CARTESIAN_POINT('',(98.8822,28.9578470271186,3.812));
#3576=CARTESIAN_POINT('',(98.8822,28.9578470271186,3.81));
#3577=CARTESIAN_POINT('',(98.8822,27.6878470269724,3.81));
#3578=CARTESIAN_POINT('',(98.8822,26.417847026826,3.81));
#3579=CARTESIAN_POINT('',(98.8822,26.417847026826,3.812));
#3580=CARTESIAN_POINT('',(97.6122,60.9872470266796,3.812));
#3581=CARTESIAN_POINT('',(97.6122,67.972247026826,3.812));
#3582=CARTESIAN_POINT('',(97.6122,67.972247026826,3.81));
#3583=CARTESIAN_POINT('',(97.6122,67.972247026826,-3.81));
#3584=CARTESIAN_POINT('',(97.6122,60.9872470266796,-3.81));
#3585=CARTESIAN_POINT('',(97.6122,54.0022470265332,-3.81));
#3586=CARTESIAN_POINT('',(97.6122,54.0022470265332,3.812));
#3587=CARTESIAN_POINT('',(97.6122,54.0022470265332,3.81));
#3588=CARTESIAN_POINT('',(97.6122,60.9872470266796,3.81));
#3589=CARTESIAN_POINT('',(61.5061,67.972247026826,3.812));
#3590=CARTESIAN_POINT('',(25.4,67.972247026826,3.812));
#3591=CARTESIAN_POINT('',(25.4,67.972247026826,3.81));
#3592=CARTESIAN_POINT('',(25.4,67.972247026826,-3.81));
#3593=CARTESIAN_POINT('',(61.5061,67.972247026826,-3.81));
#3594=CARTESIAN_POINT('',(61.5061,67.972247026826,3.81));
#3595=CARTESIAN_POINT('',(25.4,47.830047026826,3.812));
#3596=CARTESIAN_POINT('',(25.4,47.830047026826,-3.81));
#3597=CARTESIAN_POINT('',(25.4,27.687847026826,-3.81));
#3598=CARTESIAN_POINT('',(25.4,47.830047026826,3.81));
#3599=CARTESIAN_POINT('',(25.4,27.687847026826,3.81));
#3600=CARTESIAN_POINT('',(25.4,27.687847026826,3.812));
#3601=CARTESIAN_POINT('',(61.5061,27.687847026826,3.812));
#3602=CARTESIAN_POINT('',(97.6122,27.687847026826,3.812));
#3603=CARTESIAN_POINT('',(97.6122,27.687847026826,3.81));
#3604=CARTESIAN_POINT('',(97.6122,27.687847026826,-3.81));
#3605=CARTESIAN_POINT('',(61.5061,27.687847026826,-3.81));
#3606=CARTESIAN_POINT('',(61.5061,27.687847026826,3.81));
#3607=CARTESIAN_POINT('',(97.6122,28.3228470269724,3.812));
#3608=CARTESIAN_POINT('',(97.6122,28.9578470271186,3.812));
#3609=CARTESIAN_POINT('',(97.6122,28.9578470271186,3.81));
#3610=CARTESIAN_POINT('',(97.6122,28.9578470271186,-3.81));
#3611=CARTESIAN_POINT('',(97.6122,28.3228470269724,-3.81));
#3612=CARTESIAN_POINT('',(97.6122,28.3228470269724,3.81));
#3613=CARTESIAN_POINT('',(98.2472,28.9578470271186,3.812));
#3614=CARTESIAN_POINT('',(98.2472,28.9578470271186,-3.81));
#3615=CARTESIAN_POINT('',(98.2472,28.9578470271186,3.81));
#3616=CARTESIAN_POINT('',(98.2472,54.0022470265332,3.812));
#3617=CARTESIAN_POINT('',(98.2472,54.0022470265332,-3.81));
#3618=CARTESIAN_POINT('',(98.2472,54.0022470265332,3.81));
#3619=CARTESIAN_POINT('',(50.8,35.980023513413,3.81));
#3620=CARTESIAN_POINT('',(62.1411,69.242247026826,3.81));
#3621=CARTESIAN_POINT('',(62.1411,26.417847026826,3.81));
#3622=CARTESIAN_POINT('',(62.1411,69.242247026826,3.812));
#3623=CARTESIAN_POINT('',(62.1411,69.242247026826,-6.35));
#3624=CARTESIAN_POINT('',(50.8,35.091023513413,-6.35));
#3625=CARTESIAN_POINT('',(50.8,66.702247026826,-6.35));
#3626=CARTESIAN_POINT('',(62.1411,26.417847026826,3.812));
#3627=CARTESIAN_POINT('',(50.8,35.091023513413,-3.81));
#3628=CARTESIAN_POINT('',(50.8,54.002247026826,-5.842));
#3629=CARTESIAN_POINT('',(50.8,54.002247026826,-5.842));
#3630=CARTESIAN_POINT('',(50.8,66.702247026826,-5.842));
#3631=CARTESIAN_POINT('',(50.8,66.702247026826,-5.842));
#3632=CARTESIAN_POINT('',(50.8,35.091023513413,-5.842));
#3633=MECHANICAL_DESIGN_GEOMETRIC_PRESENTATION_REPRESENTATION('',(#2200),
#3635);
#3634=MECHANICAL_DESIGN_GEOMETRIC_PRESENTATION_REPRESENTATION('',(#2201),
#3636);
#3635=(
GEOMETRIC_REPRESENTATION_CONTEXT(3)
GLOBAL_UNCERTAINTY_ASSIGNED_CONTEXT((#3637))
GLOBAL_UNIT_ASSIGNED_CONTEXT((#3643,#3641,#3639))
REPRESENTATION_CONTEXT('Part 1','TOP_LEVEL_ASSEMBLY_PART')
);
#3636=(
GEOMETRIC_REPRESENTATION_CONTEXT(3)
GLOBAL_UNCERTAINTY_ASSIGNED_CONTEXT((#3638))
GLOBAL_UNIT_ASSIGNED_CONTEXT((#3644,#3642,#3640))
REPRESENTATION_CONTEXT('Part 2','TOP_LEVEL_ASSEMBLY_PART')
);
#3637=UNCERTAINTY_MEASURE_WITH_UNIT(LENGTH_MEASURE(1.E-5),#3643,
'DISTANCE_ACCURACY_VALUE','Maximum Tolerance applied to model');
#3638=UNCERTAINTY_MEASURE_WITH_UNIT(LENGTH_MEASURE(1.E-5),#3644,
'DISTANCE_ACCURACY_VALUE','Maximum Tolerance applied to model');
#3639=(
NAMED_UNIT(*)
SI_UNIT($,.STERADIAN.)
SOLID_ANGLE_UNIT()
);
#3640=(
NAMED_UNIT(*)
SI_UNIT($,.STERADIAN.)
SOLID_ANGLE_UNIT()
);
#3641=(
NAMED_UNIT(*)
PLANE_ANGLE_UNIT()
SI_UNIT($,.RADIAN.)
);
#3642=(
NAMED_UNIT(*)
PLANE_ANGLE_UNIT()
SI_UNIT($,.RADIAN.)
);
#3643=(
LENGTH_UNIT()
NAMED_UNIT(*)
SI_UNIT(.MILLI.,.METRE.)
);
#3644=(
LENGTH_UNIT()
NAMED_UNIT(*)
SI_UNIT(.MILLI.,.METRE.)
);
#3645=PRODUCT_DEFINITION_SHAPE('','',#3647);
#3646=PRODUCT_DEFINITION_SHAPE('','',#3648);
#3647=PRODUCT_DEFINITION('','',#3651,#3649);
#3648=PRODUCT_DEFINITION('','',#3652,#3650);
#3649=PRODUCT_DEFINITION_CONTEXT('',#3663,'design');
#3650=PRODUCT_DEFINITION_CONTEXT('',#3664,'design');
#3651=PRODUCT_DEFINITION_FORMATION_WITH_SPECIFIED_SOURCE('','',#3655,
 .NOT_KNOWN.);
#3652=PRODUCT_DEFINITION_FORMATION_WITH_SPECIFIED_SOURCE('','',#3656,
 .NOT_KNOWN.);
#3653=PRODUCT_RELATED_PRODUCT_CATEGORY('','',(#3655));
#3654=PRODUCT_RELATED_PRODUCT_CATEGORY('','',(#3656));
#3655=PRODUCT('Part 1','Part 1','Part 1',(#3659));
#3656=PRODUCT('Part 2','Part 2','Part 2',(#3660));
#3657=PRODUCT_CATEGORY('','');
#3658=PRODUCT_CATEGORY('','');
#3659=PRODUCT_CONTEXT('',#3663,'mechanical');
#3660=PRODUCT_CONTEXT('',#3664,'mechanical');
#3661=APPLICATION_PROTOCOL_DEFINITION('international standard',
'ap242_managed_model_based_3d_engineering',2020,#3663);
#3662=APPLICATION_PROTOCOL_DEFINITION('international standard',
'ap242_managed_model_based_3d_engineering',2020,#3664);
#3663=APPLICATION_CONTEXT('managed model based 3d engineering');
#3664=APPLICATION_CONTEXT('managed model based 3d engineering');
ENDSEC;
END-ISO-10303-21;
